date,category,name,current_price,old_price,link,source
2026-05-07,milk,Fd-Brookside Dairy Best Milk 500Ml,KES 58.00,KES 61.00,https://www.quickmart.co.ke/fd-brookside-dairy-best-milk-500ml-51,Quickmart
2026-05-07,milk,Fd- B/Side Tuzo Whole Fino Milk 500Ml,KES 53.00,KES 60.00,https://www.quickmart.co.ke/fd-b/side-tuzo-whole-fino-milk-500ml-52,Quickmart
2026-05-07,milk,Fd-Quick Choice Esl Milk 500Ml,KES 44.00,KES 50.00,https://www.quickmart.co.ke/fd-quick-choice-esl-milk-500ml-38,Quickmart
2026-05-07,milk,Tuzo Esl Milk 450Ml,KES 47.00,KES 52.00,https://www.quickmart.co.ke/tuzo-esl-milk-450ml-58,Quickmart
2026-05-07,milk,Fresha Zito Long Life Milk 250Ml,KES 30.00,No discount,https://www.quickmart.co.ke/fresha-zito-long-life-milk-250ml-40,Quickmart
2026-05-07,milk,Brookside Uht Whole Milk 250Ml,KES 42.00,No discount,https://www.quickmart.co.ke/brookside-uht-whole-milk-250ml-40,Quickmart
2026-05-07,milk,Fd-Kcc Gold Crown Fino Milk 500Ml Tfa,KES 56.00,No discount,https://www.quickmart.co.ke/fd-kcc-gold-crown-fino-milk-500ml-tfa-50,Quickmart
2026-05-07,milk,Fd-B/Side Lactose Fr Uht Milk Fino 500Ml,KES 77.00,No discount,https://www.quickmart.co.ke/fd-b/side-lactose-fr-uht-milk-fino-500ml-51,Quickmart
2026-05-07,milk,Fd-Kcc Fresh Milk 200Ml Tca,KES 31.00,No discount,https://www.quickmart.co.ke/fd-kcc-fresh-milk-200ml-tca-50,Quickmart
2026-05-07,milk,Fresha Whole Milk Pouch 500Ml,KES 58.00,No discount,https://www.quickmart.co.ke/fresha-whole-milk-pouch-500ml-40,Quickmart
2026-05-07,milk,Mt Kenya Milk Esl 90Dys 500Ml,KES 59.00,No discount,https://www.quickmart.co.ke/mt-kenya-milk-esl-90dys-500ml-40,Quickmart
2026-05-07,milk,Arimis Milking Jelly 200G,KES 139.00,No discount,https://www.quickmart.co.ke/arimis-milking-jelly-200g-50,Quickmart
2026-05-07,milk,Fd-Festive Milk Bread 800Gms,KES 130.00,No discount,https://www.quickmart.co.ke/fd-festive-milk-bread-800gms-51,Quickmart
2026-05-07,milk,Fd- Tuzo Uht Whole Milk 250Ml,KES 40.00,No discount,https://www.quickmart.co.ke/fd-tuzo-uht-whole-milk-250ml-52,Quickmart
2026-05-07,milk,Mill Bakers Daz Milk Flavour 200Gms,KES 52.00,No discount,https://www.quickmart.co.ke/mill-bakers-daz-milk-flavour-200gms-49,Quickmart
2026-05-07,milk,Mt Kenya Premium Tfa Milk 500Ml,KES 61.00,No discount,https://www.quickmart.co.ke/mt-kenya-premium-tfa-milk-500ml-9,Quickmart
2026-05-07,milk,Fd-Kcc Fino Whole Milk 500Ml Green Tfa,KES 59.00,No discount,https://www.quickmart.co.ke/fd-kcc-fino-whole-milk-500ml-green-tfa-47,Quickmart
2026-05-07,milk,Brookside Tca Whole Milk 200Ml,KES 32.00,No discount,https://www.quickmart.co.ke/brookside-tca-whole-milk-200ml-40,Quickmart
2026-05-07,milk,Fd-Kinangop Milk Pouch 500Ml,KES 53.00,No discount,https://www.quickmart.co.ke/fd-kinangop-milk-pouch-500ml-49,Quickmart
2026-05-07,milk,Arimis Milking Jelly 100Ml/90Ml,KES 70.00,No discount,https://www.quickmart.co.ke/arimis-milking-jelly-100ml/90ml-39,Quickmart
2026-05-07,milk,Pc-Bdf Nivea C/Butter Body Milk 200Ml,KES 360.00,No discount,https://www.quickmart.co.ke/pc-bdf-nivea-c/butter-body-milk-200ml-28,Quickmart
2026-05-07,milk,Fresha Maisha Long Life Milk 500Ml,KES 60.00,No discount,https://www.quickmart.co.ke/fresha-maisha-long-life-milk-500ml-40,Quickmart
2026-05-07,milk,Fd-Ckl Dairy Milk Oreo 95G,KES 299.00,No discount,https://www.quickmart.co.ke/fd-ckl-dairy-milk-oreo-95g-57,Quickmart
2026-05-07,milk,Pc-Zoe Body Milk 400Ml Dry,KES 265.00,No discount,https://www.quickmart.co.ke/pc-zoe-body-milk-400ml-dry-41,Quickmart
2026-05-07,milk,Fd-Kentaste Coconut Milk 400Ml,KES 297.00,No discount,https://www.quickmart.co.ke/fd-kentaste-coconut-milk-400ml-54,Quickmart
2026-05-07,milk,Fd- B/Side Flav Coffee Milk 250Ml,KES 69.00,No discount,https://www.quickmart.co.ke/fd-b/side-flav-coffee-milk-250ml-41,Quickmart
2026-05-07,milk,Pc-Pop-Sawa Milking Jelly 200Ml,KES 120.00,No discount,https://www.quickmart.co.ke/pc-pop-sawa-milking-jelly-200ml-32,Quickmart
2026-05-07,milk,Fd-Ckl Cadbury Dairymilk 80G,KES 290.00,No discount,https://www.quickmart.co.ke/fd-ckl-cadbury-dairymilk-80g-52,Quickmart
2026-05-07,milk,Brookside Vanilla 250Ml Flavoured Milk,KES 69.00,No discount,https://www.quickmart.co.ke/brookside-vanilla-250ml-flavoured-milk-40,Quickmart
2026-05-07,milk,Fd- B/Side Uht Whole Milk 1Ltr,KES 159.00,No discount,https://www.quickmart.co.ke/fd-b/side-uht-whole-milk-1ltr-54,Quickmart
2026-05-07,milk,Arimis Milking Jelly 50Ml,KES 42.00,No discount,https://www.quickmart.co.ke/arimis-milking-jelly-50ml-39,Quickmart
2026-05-07,milk,Daima Strawberry -6Pac Flv Milk 250Ml,KES 382.00,KES 400.00,https://www.quickmart.co.ke/daima-strawberry-6pac-flv-milk-250ml-42,Quickmart
2026-05-07,milk,Fd-Kenafric Lotta Milk Munch 80S,KES 107.00,No discount,https://www.quickmart.co.ke/fd-kenafric-lotta-milk-munch-80s-57,Quickmart
2026-05-07,milk,Daima Assorted - 6Pack Flv Milk 250Ml,KES 382.00,KES 400.00,https://www.quickmart.co.ke/daima-assorted-6pack-flv-milk-250ml-44,Quickmart
2026-05-07,milk,Fd-Ckl Dairymilk Fruit&Nut 35G/32G,KES 140.00,No discount,https://www.quickmart.co.ke/fd-ckl-dairymilk-fruit-nut-35g/32g-55,Quickmart
2026-05-07,milk,Fd- Ckl Dairymilk 35G/32G,KES 140.00,No discount,https://www.quickmart.co.ke/fd-ckl-dairymilk-35g/32g-54,Quickmart
2026-05-07,milk,Pc-Bdf Nivea Cool Kick Body Milk 400Ml,KES 535.00,KES 670.00,https://www.quickmart.co.ke/pc-bdf-nivea-cool-kick-body-milk-400ml-34,Quickmart
2026-05-07,milk,Fd-Limuru Fresh Milk 1Litre,KES 75.00,No discount,https://www.quickmart.co.ke/fd-limuru-fresh-milk-1litre-53,Quickmart
2026-05-07,milk,Fd-Milk Chocolate Multigrain Snacks50G,KES 70.00,No discount,https://www.quickmart.co.ke/fd-milk-chocolate-multigrain-snacks50g-37,Quickmart
2026-05-07,milk,Fd-Full Cream Sachet Milk Powder 450G,KES 550.00,No discount,https://www.quickmart.co.ke/fd-full-cream-sachet-milk-powder-450g-57,Quickmart
2026-05-07,milk,Fd-B/Side Low Fat Milk 250Ml,KES 42.00,No discount,https://www.quickmart.co.ke/fd-b/side-low-fat-milk-250ml-53,Quickmart
2026-05-07,milk,Fd- B/Side Tuzo Uht Whole Milk 1Ltr,KES 149.00,No discount,https://www.quickmart.co.ke/fd-b/side-tuzo-uht-whole-milk-1ltr-56,Quickmart
2026-05-07,milk,Fd-Bio Long Life Skimmed Milk 1L,KES 166.00,No discount,https://www.quickmart.co.ke/fd-bio-long-life-skimmed-milk-1l-37,Quickmart
2026-05-07,milk,Daima Chocolate-6Packflv Milk 250Ml,KES 382.00,KES 400.00,https://www.quickmart.co.ke/daima-chocolate-6packflv-milk-250ml-8,Quickmart
2026-05-07,milk,Fd-B/Side-Full Cream Milk Powder 250Gms,KES 335.00,No discount,https://www.quickmart.co.ke/fd-b/side-full-cream-milk-powder-250gms-57,Quickmart
2026-05-07,milk,Tuzo Tca Whole Milk 200Ml,KES 32.00,No discount,https://www.quickmart.co.ke/tuzo-tca-whole-milk-200ml-40,Quickmart
2026-05-07,milk,Fd-Zito Aseptic Life Milk 500Ml,KES 57.00,No discount,https://www.quickmart.co.ke/fd-zito-aseptic-life-milk-500ml-60,Quickmart
2026-05-07,milk,Fd- Nuvita Vitamilk 300Pcs,KES 300.00,No discount,https://www.quickmart.co.ke/fd-nuvita-vitamilk-300pcs-56,Quickmart
2026-05-07,milk,Fd-Ckl Caramilk 80G,KES 290.00,No discount,https://www.quickmart.co.ke/fd-ckl-caramilk-80g-56,Quickmart
2026-05-07,milk,Fd-Dfl-Santa Maria Ccnut Milk Lite400Ml,KES 209.00,KES 249.00,https://www.quickmart.co.ke/fd-dfl-santa-maria-ccnut-milk-lite400ml-39,Quickmart
2026-05-07,milk,Pc-Pop-Sawa Milking Jelly 90Ml,KES 60.00,No discount,https://www.quickmart.co.ke/pc-pop-sawa-milking-jelly-90ml-37,Quickmart
2026-05-07,milk,Pc-Pop-Sawa Milking Jelly 50Ml,KES 35.00,No discount,https://www.quickmart.co.ke/pc-pop-sawa-milking-jelly-50ml-56,Quickmart
2026-05-07,milk,Brookside Banana Milk 250Ml,KES 69.00,No discount,https://www.quickmart.co.ke/brookside-banana-milk-250ml-40,Quickmart
2026-05-07,milk,Fd-Ckl Dairymilk Top Deck Mint 80G,KES 290.00,No discount,https://www.quickmart.co.ke/fd-ckl-dairymilk-top-deck-mint-80g-55,Quickmart
2026-05-07,milk,Daima Strawberry Flavoured Milk Pet 250Ml,KES 65.00,KES 70.00,https://www.quickmart.co.ke/daima-strawberry-flavoured-milk-pet-250ml-11,Quickmart
2026-05-07,milk,Pc-Flamingo Hw Ccnt Milk A/Bcterial400Ml,KES 230.00,No discount,https://www.quickmart.co.ke/pc-flamingo-hw-ccnt-milk-a/bcterial400ml-40,Quickmart
2026-05-07,milk,Fd-Kentaste Coconut Milk 250Ml,KES 219.00,No discount,https://www.quickmart.co.ke/fd-kentaste-coconut-milk-250ml-57,Quickmart
2026-05-07,milk,Pc-Zoe Body Milk 200Ml Dry,KES 160.00,No discount,https://www.quickmart.co.ke/pc-zoe-body-milk-200ml-dry-53,Quickmart
2026-05-07,milk,Fd-Ckl Dairymilk Hazelnut 35G/32G,KES 140.00,No discount,https://www.quickmart.co.ke/fd-ckl-dairymilk-hazelnut-35g/32g-52,Quickmart
2026-05-07,milk,Fd-Fresha Zito Tfa Milk 500Ml,KES 58.00,No discount,https://www.quickmart.co.ke/fd-fresha-zito-tfa-milk-500ml-54,Quickmart
2026-05-07,milk,Fd-Port Kara Coconut Milk Uht 200Ml,KES 200.00,No discount,https://www.quickmart.co.ke/fd-port-kara-coconut-milk-uht-200ml-41,Quickmart
2026-05-07,milk,Fd-B/Side Ilara Pouch 500Ml,KES 60.00,No discount,https://www.quickmart.co.ke/fd-b/side-ilara-pouch-500ml-56,Quickmart
2026-05-07,milk,Brookside Molo Fino 500Ml,KES 51.00,KES 56.00,https://www.quickmart.co.ke/brookside-molo-fino-500ml-3,Quickmart
2026-05-07,milk,Fd-Mdl-Lato-Uht-Tetra Pack-125Ml,KES 22.00,No discount,https://www.quickmart.co.ke/fd-mdl-lato-uht-tetra-pack-125ml-38,Quickmart
2026-05-07,milk,Daima Maziwa Bora Uht Fino 500Ml,KES 49.00,KES 60.00,https://www.quickmart.co.ke/daima-maziwa-bora-uht-fino-500ml-40,Quickmart
2026-05-07,milk,Fd-Mdl-Lato-Esl-Pouch-500Ml,KES 50.00,KES 59.00,https://www.quickmart.co.ke/fd-mdl-lato-esl-pouch-500ml-51,Quickmart
2026-05-07,milk,Fd-B/Side Ilara Pouch Value Pack 1000Ml,KES 119.00,No discount,https://www.quickmart.co.ke/fd-b/side-ilara-pouch-value-pack-1000ml-57,Quickmart
2026-05-07,milk,Mountain Fresh Tetra Fino 500Ml,KES 58.00,No discount,https://www.quickmart.co.ke/mountain-fresh-tetra-fino-500ml-40,Quickmart
2026-05-07,milk,Fd-Daima Fino Bora -200Ml,KES 24.00,KES 30.00,https://www.quickmart.co.ke/fd-daima-fino-bora-200ml-53,Quickmart
2026-05-07,milk,Fd-B/Side Disneys/Berry Flavourdmlk200Ml,KES 60.00,No discount,https://www.quickmart.co.ke/fd-b/side-disneys/berry-flavourdmlk200ml-57,Quickmart
2026-05-07,milk,Fd-Mount Kenya Pasteurized Esl.90.200Ml,KES 27.00,No discount,https://www.quickmart.co.ke/fd-mount-kenya-pasteurized-esl.90.200ml-18,Quickmart
2026-05-07,milk,Fd- Parle Milkpower Biscuits 195.5G,KES 91.00,No discount,https://www.quickmart.co.ke/fd-parle-milkpower-biscuits-195.5g-53,Quickmart
2026-05-07,milk,Fd-D/Land Chocolart Real Milk 20G,KES 55.00,No discount,https://www.quickmart.co.ke/fd-d/land-chocolart-real-milk-20g-50,Quickmart
2026-05-07,milk,Pc-Geisha White (Ccnut Milk & Honey)200G,KES 110.00,No discount,https://www.quickmart.co.ke/pc-geisha-white-(ccnut-milk-honey)200g-57,Quickmart
2026-05-07,milk,Fd-B/Side S/Berry 6Pack,KES 420.00,No discount,https://www.quickmart.co.ke/fd-b/side-s/berry-6pack-54,Quickmart
2026-05-07,milk,Fd-Mdl-Lato-Uht-Lewis Pack-250Ml,KES 40.00,No discount,https://www.quickmart.co.ke/fd-mdl-lato-uht-lewis-pack-250ml-52,Quickmart
2026-05-07,sugar,Fd- Quick Choice Sugar 1Kg,KES 150.00,No discount,https://www.quickmart.co.ke/fd-quick-choice-sugar-1kg-51,Quickmart
2026-05-07,sugar,Fd-Kabras Sugar White 2Kg,KES 305.00,No discount,https://www.quickmart.co.ke/fd-kabras-sugar-white-2kg-53,Quickmart
2026-05-07,sugar,Fd-Quick Choice Sugar 2Kg,KES 299.00,No discount,https://www.quickmart.co.ke/fd-quick-choice-sugar-2kg-53,Quickmart
2026-05-07,sugar,Fd-Mumias Sugar 2 Kg,KES 305.00,No discount,https://www.quickmart.co.ke/fd-mumias-sugar-2-kg-51,Quickmart
2026-05-07,sugar,Fd-Kabras Sugar White 1Kg,KES 155.00,No discount,https://www.quickmart.co.ke/fd-kabras-sugar-white-1kg-53,Quickmart
2026-05-07,sugar,Nutrameal Sugar 2Kg,KES 305.00,No discount,https://www.quickmart.co.ke/nutrameal-sugar-2kg-40,Quickmart
2026-05-07,sugar,Wow Sugared 20G/15G,KES 13.00,No discount,https://www.quickmart.co.ke/wow-sugared-20g/15g-40,Quickmart
2026-05-07,sugar,Nutrameal Sugar 1Kg,KES 155.00,No discount,https://www.quickmart.co.ke/nutrameal-sugar-1kg-40,Quickmart
2026-05-07,sugar,Fd-Mumias Sugar 1 Kg,KES 155.00,No discount,https://www.quickmart.co.ke/fd-mumias-sugar-1-kg-52,Quickmart
2026-05-07,sugar,Fd-Valley Sugar-Brown 2Kg,KES 309.00,No discount,https://www.quickmart.co.ke/fd-valley-sugar-brown-2kg-36,Quickmart
2026-05-07,sugar,Fd-Valley Sugar-Brown 1Kg,KES 155.00,No discount,https://www.quickmart.co.ke/fd-valley-sugar-brown-1kg-35,Quickmart
2026-05-07,sugar,Fd-Tru Zesta Icing Sugar Pkt 500G,KES 145.00,No discount,https://www.quickmart.co.ke/fd-tru-zesta-icing-sugar-pkt-500g-39,Quickmart
2026-05-07,sugar,Fd-Pkl Wow Sugared 250G/200G,KES 120.00,No discount,https://www.quickmart.co.ke/fd-pkl-wow-sugared-250g/200g-47,Quickmart
2026-05-07,sugar,Fd-Clovers Icing Sugar Poly 500G,KES 142.00,No discount,https://www.quickmart.co.ke/fd-clovers-icing-sugar-poly-500g-54,Quickmart
2026-05-07,sugar,Fd-Kenafric Icing Sugar Box 500G,KES 145.00,No discount,https://www.quickmart.co.ke/fd-kenafric-icing-sugar-box-500g-57,Quickmart
2026-05-07,sugar,Fd-Alicafe No Sugar Tongkat 4 In 1 12Gm,KES 65.00,No discount,https://www.quickmart.co.ke/fd-alicafe-no-sugar-tongkat-4-in-1-12gm-42,Quickmart
2026-05-07,sugar,Wow Sugared 100G,KES 72.00,No discount,https://www.quickmart.co.ke/wow-sugared-100g-35,Quickmart
2026-05-07,sugar,Wow Sugared 500G,KES 210.00,No discount,https://www.quickmart.co.ke/wow-sugared-500g-40,Quickmart
2026-05-07,sugar,Fd-Ptd-Kakira Sugar 1Kg,KES 160.00,No discount,https://www.quickmart.co.ke/fd-ptd-kakira-sugar-1kg-36,Quickmart
2026-05-07,sugar,Wow Sugared 45G,KES 47.00,No discount,https://www.quickmart.co.ke/wow-sugared-45g-57,Quickmart
2026-05-07,sugar,Hh Bass Sugar Dish Bronze,KES 905.00,No discount,https://www.quickmart.co.ke/hh-bass-sugar-dish-bronze-52,Quickmart
2026-05-07,sugar,Hh Bass Sugar Dish Bead,KES 479.00,KES 540.00,https://www.quickmart.co.ke/hh-bass-sugar-dish-bead-51,Quickmart
2026-05-07,sugar,Hh-Pbkl Sugar Dish 107,KES 210.00,No discount,https://www.quickmart.co.ke/hh-pbkl-sugar-dish-107-52,Quickmart
2026-05-07,sugar,Fd-Transmara Sugar 1Kg,KES 175.00,No discount,https://www.quickmart.co.ke/fd-transmara-sugar-1kg-34,Quickmart
2026-05-07,sugar,Fd-Nutrameal Sugar 5Kg,KES 849.00,No discount,https://www.quickmart.co.ke/fd-nutrameal-sugar-5kg-39,Quickmart
2026-05-07,sugar,Fd-Wrg Orbit Spearmint Sugarfree Gum 14G,KES 70.00,No discount,https://www.quickmart.co.ke/fd-wrg-orbit-spearmint-sugarfree-gum-14g-51,Quickmart
2026-05-07,sugar,Fd-Mjl Shortcake Sugar Free Bisc 100G,KES 100.00,No discount,https://www.quickmart.co.ke/fd-mjl-shortcake-sugar-free-bisc-100g-30,Quickmart
2026-05-07,sugar,Fr-Jidan Sugarcane Per Pc,KES 65.00,No discount,https://www.quickmart.co.ke/fr-jidan-sugarcane-per-pc-34,Quickmart
2026-05-07,sugar,Fd-Peptang Sugar Free Peanut Butter 800G,KES 645.00,No discount,https://www.quickmart.co.ke/fd-peptang-sugar-free-peanut-butter-800g-43,Quickmart
2026-05-07,sugar,Fd-Butali Sugar 2Kg,KES 329.00,No discount,https://www.quickmart.co.ke/fd-butali-sugar-2kg-28,Quickmart
2026-05-07,sugar,Fd-Hkl-Red Bull Sugar Free 250Ml,KES 230.00,No discount,https://www.quickmart.co.ke/fd-hkl-red-bull-sugar-free-250ml-58,Quickmart
2026-05-07,sugar,Fd-Ecl Excel Glucose Pure 50G,KES 16.00,No discount,https://www.quickmart.co.ke/fd-ecl-excel-glucose-pure-50g-55,Quickmart
2026-05-07,sugar,Fd-Ecl Excel Glucose Pure 100G,KES 32.00,No discount,https://www.quickmart.co.ke/fd-ecl-excel-glucose-pure-100g-57,Quickmart
2026-05-07,sugar,Fd-Ecl Glucose Excel Pure 500G Tin,KES 188.00,No discount,https://www.quickmart.co.ke/fd-ecl-glucose-excel-pure-500g-tin-56,Quickmart
2026-05-07,sugar,Fd-Ecl Glucose Excel 250G,KES 120.00,No discount,https://www.quickmart.co.ke/fd-ecl-glucose-excel-250g-53,Quickmart
2026-05-07,bread,Fr-Fresh Budget Bread White(600Gm),KES 89.00,No discount,https://www.quickmart.co.ke/fr-fresh-budget-bread-white(600gm)-36,Quickmart
2026-05-07,bread,Fd-Festive Milk Bread 800Gms,KES 130.00,No discount,https://www.quickmart.co.ke/fd-festive-milk-bread-800gms-51,Quickmart
2026-05-07,bread,Budget White Bread – 800G,KES 119.00,No discount,https://www.quickmart.co.ke/budget-white-bread-–-800g-67,Quickmart
2026-05-07,bread,Budget Brown Bread – 800G,KES 119.00,No discount,https://www.quickmart.co.ke/budget-brown-bread-–-800g-66,Quickmart
2026-05-07,bread,Fd-Fes Nature Gold W/Bread 600G,KES 100.00,No discount,https://www.quickmart.co.ke/fd-fes-nature-gold-w/bread-600g-51,Quickmart
2026-05-07,bread,Fr-Fresh Budget White Bread(1.5Kg),KES 205.00,No discount,https://www.quickmart.co.ke/fr-fresh-budget-white-bread(1.5kg)-46,Quickmart
2026-05-07,bread,Budget Brown Bread,KES 89.00,No discount,https://www.quickmart.co.ke/budget-brown-bread-133,Quickmart
2026-05-07,bread,Fr- Fresh Sweet Bread(400Gm),KES 65.00,No discount,https://www.quickmart.co.ke/fr-fresh-sweet-bread(400gm)-54,Quickmart
2026-05-07,bread,Fr-Fresh Multigrain Bread(400Gm),KES 99.00,No discount,https://www.quickmart.co.ke/fr-fresh-multigrain-bread(400gm)-43,Quickmart
2026-05-07,bread,Fd-Supaloaf White Bread Ct 400G,KES 65.00,No discount,https://www.quickmart.co.ke/fd-supaloaf-white-bread-ct-400g-50,Quickmart
2026-05-07,bread,Fd-Supa Butter Toast Bread 800G,KES 130.00,No discount,https://www.quickmart.co.ke/fd-supa-butter-toast-bread-800g-51,Quickmart
2026-05-07,bread,Fr-Fresh Banana Bread(800Gm),KES 119.00,KES 140.00,https://www.quickmart.co.ke/fr-fresh-banana-bread(800gm)-18,Quickmart
2026-05-07,bread,Fd-Mfil-Shortbread 200G,KES 250.00,No discount,https://www.quickmart.co.ke/fd-mfil-shortbread-200g-51,Quickmart
2026-05-07,bread,Fd-Bbl Broadways Premium Bread Slided400,KES 65.00,No discount,https://www.quickmart.co.ke/fd-bbl-broadways-premium-bread-slided400-54,Quickmart
2026-05-07,bread,Sweet Bread,KES 95.00,No discount,https://www.quickmart.co.ke/sweet-bread-66,Quickmart
2026-05-07,bread,Fr-Fresh Budget Bread Brown(400Gm),KES 56.00,No discount,https://www.quickmart.co.ke/fr-fresh-budget-bread-brown(400gm)-36,Quickmart
2026-05-07,bread,Budget White Bread – 400G,KES 56.00,No discount,https://www.quickmart.co.ke/budget-white-bread-–-400g-67,Quickmart
2026-05-07,bread,Fr-Fresh Budget Brown Bread(1.5Kg),KES 205.00,No discount,https://www.quickmart.co.ke/fr-fresh-budget-brown-bread(1.5kg)-45,Quickmart
2026-05-07,bread,Fd-Bbl Broadways Brown Bread 400G,KES 65.00,No discount,https://www.quickmart.co.ke/fd-bbl-broadways-brown-bread-400g-53,Quickmart
2026-05-07,bread,Fd-Kingsmil Sandwich White Bread 800G,KES 130.00,No discount,https://www.quickmart.co.ke/fd-kingsmil-sandwich-white-bread-800g-45,Quickmart
2026-05-07,bread,Fd-Festive Quarter Bread Wht Bread 400G,KES 65.00,No discount,https://www.quickmart.co.ke/fd-festive-quarter-bread-wht-bread-400g-28,Quickmart
2026-05-07,bread,Fd-Kingsmil Sandwich Brown Bread 800G,KES 130.00,No discount,https://www.quickmart.co.ke/fd-kingsmil-sandwich-brown-bread-800g-33,Quickmart
2026-05-07,bread,Fd- Bbl Broadways White Bread 800G,KES 130.00,No discount,https://www.quickmart.co.ke/fd-bbl-broadways-white-bread-800g-56,Quickmart
2026-05-07,bread,Fd-Mib Bread Crumbs 500G,KES 240.00,No discount,https://www.quickmart.co.ke/fd-mib-bread-crumbs-500g-55,Quickmart
2026-05-07,bread,Fr-Fresh Wholemeal Bread(600Gm),KES 135.00,No discount,https://www.quickmart.co.ke/fr-fresh-wholemeal-bread(600gm)-47,Quickmart
2026-05-07,bread,Fd-Festive Brown Bread 1.5Kg,KES 240.00,No discount,https://www.quickmart.co.ke/fd-festive-brown-bread-1.5kg-55,Quickmart
2026-05-07,bread,Fd-Kingsmil Sandwich White Bread 600G,KES 100.00,No discount,https://www.quickmart.co.ke/fd-kingsmil-sandwich-white-bread-600g-37,Quickmart
2026-05-07,bread,Fr-Fresh Soft Bread White(280Gm),KES 60.00,No discount,https://www.quickmart.co.ke/fr-fresh-soft-bread-white(280gm)-57,Quickmart
2026-05-07,bread,Fr-Fresh Budget Bread White(200Gm),KES 30.00,No discount,https://www.quickmart.co.ke/fr-fresh-budget-bread-white(200gm)-42,Quickmart
2026-05-07,bread,Soft Brown Bread – 280G,KES 60.00,No discount,https://www.quickmart.co.ke/soft-brown-bread-–-280g-64,Quickmart
2026-05-07,bread,Fr-Fresh Turkish Bread(400Gm),KES 95.00,No discount,https://www.quickmart.co.ke/fr-fresh-turkish-bread(400gm)-57,Quickmart
2026-05-07,bread,Fd-Kingsmil S/Wich Wholemeal Bread 400G,KES 65.00,No discount,https://www.quickmart.co.ke/fd-kingsmil-s/wich-wholemeal-bread-400g-46,Quickmart
2026-05-07,bread,Fd-Kingsmil S/Wch White Bread 400G,KES 65.00,No discount,https://www.quickmart.co.ke/fd-kingsmil-s/wch-white-bread-400g-34,Quickmart
2026-05-07,bread,Joy Queen Cakes 12Pcs 350G,KES 155.00,No discount,https://www.quickmart.co.ke/joy-queen-cakes-12pcs-350g-39,Quickmart
2026-05-07,bread,Fr-Fresh White Forest Cake Per Kg,KES 799.00,KES 999.00,https://www.quickmart.co.ke/fr-fresh-white-forest-cake-per-kg-51,Quickmart
2026-05-07,bread,Joy Queen Cakes 8Pcs 250G,KES 107.00,No discount,https://www.quickmart.co.ke/joy-queen-cakes-8pcs-250g-3,Quickmart
2026-05-07,bread,Sweet Mandazi – 200G,KES 50.00,No discount,https://www.quickmart.co.ke/sweet-mandazi-–-200g-129,Quickmart
2026-05-07,bread,Mill Bakers Daz Milk Flavour 200Gms,KES 52.00,No discount,https://www.quickmart.co.ke/mill-bakers-daz-milk-flavour-200gms-49,Quickmart
2026-05-07,bread,Festive Poundcake-400Gms(Sliced)- Vanilla,KES 185.00,No discount,https://www.quickmart.co.ke/festive-poundcake-400gms(sliced)-vanilla-11,Quickmart
2026-05-07,bread,Mill Bakers Daz Banana Flavour 200Gms,KES 52.00,No discount,https://www.quickmart.co.ke/mill-bakers-daz-banana-flavour-200gms-53,Quickmart
2026-05-07,bread,Fd-Festivita 600White,KES 100.00,No discount,https://www.quickmart.co.ke/fd-festivita-600white-57,Quickmart
2026-05-07,bread,Joy Mini Madeira 350G,KES 132.00,No discount,https://www.quickmart.co.ke/joy-mini-madeira-350g-39,Quickmart
2026-05-07,bread,Joy Super Mandazi 180Gms,KES 50.00,No discount,https://www.quickmart.co.ke/joy-super-mandazi-180gms-10,Quickmart
2026-05-07,bread,Fr-Fresh Black Forest Cake Per Kg,KES 999.00,No discount,https://www.quickmart.co.ke/fr-fresh-black-forest-cake-per-kg-54,Quickmart
2026-05-07,bread,Fd-Dpl-Half Poundcake-200Gms(Sliced)Van,KES 93.00,No discount,https://www.quickmart.co.ke/fd-dpl-half-poundcake-200gms(sliced)van-53,Quickmart
2026-05-07,bread,Fr-Fresh Chocolate Fudge Cake Slice,KES 215.00,No discount,https://www.quickmart.co.ke/fr-fresh-chocolate-fudge-cake-slice-46,Quickmart
2026-05-07,bread,Fr-Fresh Red Velvet Cake Slice,KES 195.00,No discount,https://www.quickmart.co.ke/fr-fresh-red-velvet-cake-slice-52,Quickmart
2026-05-07,bread,Joy Queen Cakes 6Pc 180Gms,KES 71.00,No discount,https://www.quickmart.co.ke/joy-queen-cakes-6pc-180gms-56,Quickmart
2026-05-07,bread,Fd-Blue Band Spread For Bread 1Kg,KES 330.00,KES 370.00,https://www.quickmart.co.ke/fd-blue-band-spread-for-bread-1kg-56,Quickmart
2026-05-07,bread,Joy Family Cake 750Gms,KES 235.00,No discount,https://www.quickmart.co.ke/joy-family-cake-750gms-11,Quickmart
2026-05-07,bread,Mahamri – Per Piece,KES 30.00,No discount,https://www.quickmart.co.ke/mahamri-–-per-piece-8,Quickmart
2026-05-07,bread,Festive Poundcake-400Gms(Sliced)-B/Berry,KES 195.00,No discount,https://www.quickmart.co.ke/festive-poundcake-400gms(sliced)-b/berry-12,Quickmart
2026-05-07,bread,Fd- Mill Daz Honey Flavour 200Gms,KES 52.00,No discount,https://www.quickmart.co.ke/fd-mill-daz-honey-flavour-200gms-53,Quickmart
2026-05-07,bread,Mill Bakers Queen Cake 8S 200G,KES 90.00,No discount,https://www.quickmart.co.ke/mill-bakers-queen-cake-8s-200g-53,Quickmart
2026-05-07,bread,Fd- Supa Loaf Premium White Ct 800G,KES 130.00,No discount,https://www.quickmart.co.ke/fd-supa-loaf-premium-white-ct-800g-51,Quickmart
2026-05-07,bread,Fr-Fresh Coconut Bread(400Gm),KES 75.00,No discount,https://www.quickmart.co.ke/fr-fresh-coconut-bread(400gm)-89,Quickmart
2026-05-07,bread,Joy Little Heart 300Gms,KES 109.00,No discount,https://www.quickmart.co.ke/joy-little-heart-300gms-40,Quickmart
2026-05-07,bread,Fd-Festive Burger Buns W/Out Sesame 300G,KES 120.00,No discount,https://www.quickmart.co.ke/fd-festive-burger-buns-w/out-sesame-300g-55,Quickmart
2026-05-07,bread,Fd- Festive Finest Super Seeded 400G,KES 130.00,No discount,https://www.quickmart.co.ke/fd-festive-finest-super-seeded-400g-56,Quickmart
2026-05-07,bread,Fd-Supa Butter Toast 600G,KES 100.00,No discount,https://www.quickmart.co.ke/fd-supa-butter-toast-600g-52,Quickmart
2026-05-07,bread,Fd-Mill Lemon Slices 150G,KES 75.00,No discount,https://www.quickmart.co.ke/fd-mill-lemon-slices-150g-57,Quickmart
2026-05-07,bread,Fd-Mill Family Madeira 750G,KES 240.00,No discount,https://www.quickmart.co.ke/fd-mill-family-madeira-750g-49,Quickmart
2026-05-07,bread,Fd- Mill Daz Coconut Flavour 200Gms,KES 52.00,No discount,https://www.quickmart.co.ke/fd-mill-daz-coconut-flavour-200gms-57,Quickmart
2026-05-07,bread,Fr-Fresh Packed Mandazi(3Pc),KES 60.00,No discount,https://www.quickmart.co.ke/fr-fresh-packed-mandazi(3pc)-53,Quickmart
2026-05-07,bread,Kangumu (Half Cake) – Per Piece,KES 45.00,No discount,https://www.quickmart.co.ke/kangumu-(half-cake)-–-per-piece-65,Quickmart
2026-05-07,bread,Fr-Fresh Fantasy Vanilla Cake 8 Inch,KES 950.00,No discount,https://www.quickmart.co.ke/fr-fresh-fantasy-vanilla-cake-8-inch-49,Quickmart
2026-05-07,bread,Fd-Sats Muffin Cake 350Gms 6Pc,KES 141.00,No discount,https://www.quickmart.co.ke/fd-sats-muffin-cake-350gms-6pc-50,Quickmart
2026-05-07,bread,Joy Muffin 8Pack 400G,KES 165.00,No discount,https://www.quickmart.co.ke/joy-muffin-8pack-400g-10,Quickmart
2026-05-07,bread,Fd-Festive- Tortilla Wrap - 8Inch,KES 275.00,No discount,https://www.quickmart.co.ke/fd-festive-tortilla-wrap-8inch-54,Quickmart
2026-05-07,bread,Fd-Mill Bakers Rich Cake 290G,KES 105.00,No discount,https://www.quickmart.co.ke/fd-mill-bakers-rich-cake-290g-23,Quickmart
2026-05-07,bread,Fd-Mill Queen Cake 12 Pack 500G,KES 208.00,No discount,https://www.quickmart.co.ke/fd-mill-queen-cake-12-pack-500g-17,Quickmart
2026-05-07,bread,Fd-Festive Cream Roll 70G With Caramel,KES 45.00,No discount,https://www.quickmart.co.ke/fd-festive-cream-roll-70g-with-caramel-56,Quickmart
2026-05-07,bread,Fd-Sats Rich Bread 250Gms,KES 91.00,No discount,https://www.quickmart.co.ke/fd-sats-rich-bread-250gms-22,Quickmart
2026-05-07,bread,Fr-Fresh Vanilla Block(500Gm),KES 210.00,No discount,https://www.quickmart.co.ke/fr-fresh-vanilla-block(500gm)-51,Quickmart
2026-05-07,bread,Fr-Fresh Vanilla Cake Per Kg,KES 949.00,No discount,https://www.quickmart.co.ke/fr-fresh-vanilla-cake-per-kg-44,Quickmart
2026-05-07,bread,Fr-Fresh Tiger Rolls(White/Brown)(400Gm),KES 110.00,No discount,https://www.quickmart.co.ke/fr-fresh-tiger-rolls(white/brown)(400gm)-41,Quickmart
2026-05-07,bread,White Buns – 400G,KES 75.00,No discount,https://www.quickmart.co.ke/white-buns-–-400g-66,Quickmart
2026-05-07,bread,Mill Bakers Standard Madeira 500G,KES 175.00,No discount,https://www.quickmart.co.ke/mill-bakers-standard-madeira-500g-57,Quickmart
2026-05-07,bread,Fd-Mill Heart Deli 500G,KES 169.00,No discount,https://www.quickmart.co.ke/fd-mill-heart-deli-500g-57,Quickmart
2026-05-07,bread,Mill Bakers Daz Lemon Flavour 200Gms,KES 52.00,No discount,https://www.quickmart.co.ke/mill-bakers-daz-lemon-flavour-200gms-38,Quickmart
2026-05-07,bread,Fd-Fes.nature Gold White 800G,KES 130.00,No discount,https://www.quickmart.co.ke/fd-fes.nature-gold-white-800g-53,Quickmart
2026-05-07,bread,Fd-Supaloaf Butter Toast 400Gms,KES 65.00,No discount,https://www.quickmart.co.ke/fd-supaloaf-butter-toast-400gms-54,Quickmart
2026-05-07,bread,Fr-Fresh White Forest Cake Slice,KES 149.00,KES 175.00,https://www.quickmart.co.ke/fr-fresh-white-forest-cake-slice-47,Quickmart
2026-05-07,bread,Fr-Fresh Fantasy Chocolate Cake 8 Inch,"KES 1,000.00",No discount,https://www.quickmart.co.ke/fr-fresh-fantasy-chocolate-cake-8-inch-50,Quickmart
2026-05-07,bread,Fd-Festive Burger Buns With Sesame 300G,KES 130.00,No discount,https://www.quickmart.co.ke/fd-festive-burger-buns-with-sesame-300g-52,Quickmart
2026-05-07,rice,Fd-Sunrice Basmati 5Kg,"KES 1,349.00","KES 1,863.00",https://www.quickmart.co.ke/fd-sunrice-basmati-5kg-53,Quickmart
2026-05-07,rice,Guru Premium Blended Pishori Rice 5Kg,KES 899.00,No discount,https://www.quickmart.co.ke/guru-premium-blended-pishori-rice-5kg-39,Quickmart
2026-05-07,rice,Fd-Quick Choice Long Grain Rice 2Kg,KES 355.00,No discount,https://www.quickmart.co.ke/fd-quick-choice-long-grain-rice-2kg-58,Quickmart
2026-05-07,rice,Fd-Guru Blended Prem Pishori Rice 1Kg,KES 252.00,No discount,https://www.quickmart.co.ke/fd-guru-blended-prem-pishori-rice-1kg-55,Quickmart
2026-05-07,rice,Fd-Sunrice Long Grain Rice 1Kg,KES 193.00,No discount,https://www.quickmart.co.ke/fd-sunrice-long-grain-rice-1kg-37,Quickmart
2026-05-07,rice,Fd-Cil Blended Rice 5Kg,KES 810.00,KES 900.00,https://www.quickmart.co.ke/fd-cil-blended-rice-5kg-42,Quickmart
2026-05-07,rice,Fd-Cap Cil Aromatic Pishori Rice 2Kg,KES 514.00,KES 605.00,https://www.quickmart.co.ke/fd-cap-cil-aromatic-pishori-rice-2kg-53,Quickmart
2026-05-07,rice,Fd-Mjl Daawat Long Grain Rice 5Kg,KES 855.00,No discount,https://www.quickmart.co.ke/fd-mjl-daawat-long-grain-rice-5kg-51,Quickmart
2026-05-07,rice,Lc-Kwal Caprice Fortified Dry Whte 1000M,KES 950.00,No discount,https://www.quickmart.co.ke/lc-kwal-caprice-fortified-dry-whte-1000m-53,Quickmart
2026-05-07,rice,Fd-Cap Cil Pishori Rice 5Kg,"KES 1,269.00","KES 1,499.00",https://www.quickmart.co.ke/fd-cap-cil-pishori-rice-5kg-52,Quickmart
2026-05-07,rice,Fd-Baraka Biryani Rice 2Kg,KES 308.00,KES 385.00,https://www.quickmart.co.ke/fd-baraka-biryani-rice-2kg-35,Quickmart
2026-05-07,rice,Fd-Cil Blended Rice 1Kg,KES 185.00,No discount,https://www.quickmart.co.ke/fd-cil-blended-rice-1kg-55,Quickmart
2026-05-07,rice,Lc-Kwal-Caprice Fortified Swt Wht 1000M,KES 950.00,No discount,https://www.quickmart.co.ke/lc-kwal-caprice-fortified-swt-wht-1000m-58,Quickmart
2026-05-07,rice,Lc-Kwal Caprice Fortified Dry Red 1000Ml,KES 950.00,No discount,https://www.quickmart.co.ke/lc-kwal-caprice-fortified-dry-red-1000ml-58,Quickmart
2026-05-07,rice,Lc-Kwal Caprice Fortified Sweet Red 1L,KES 950.00,No discount,https://www.quickmart.co.ke/lc-kwal-caprice-fortified-sweet-red-1l-58,Quickmart
2026-05-07,rice,Fd-Cap Pearl Rice Pishori Long 5Kg,"KES 1,600.00",No discount,https://www.quickmart.co.ke/fd-cap-pearl-rice-pishori-long-5kg-55,Quickmart
2026-05-07,rice,Fd-Cap Pearl Rice Pishori L/G 2Kg,KES 644.00,No discount,https://www.quickmart.co.ke/fd-cap-pearl-rice-pishori-l/g-2kg-53,Quickmart
2026-05-07,rice,Fd-Sunrice Basmati 1Kg,KES 384.00,No discount,https://www.quickmart.co.ke/fd-sunrice-basmati-1kg-56,Quickmart
2026-05-07,rice,Fd-Baraka Pishori Rice 2Kg,KES 425.00,No discount,https://www.quickmart.co.ke/fd-baraka-pishori-rice-2kg-45,Quickmart
2026-05-07,rice,Fd-Cap Cil Blended Rice 2Kg,KES 328.00,KES 365.00,https://www.quickmart.co.ke/fd-cap-cil-blended-rice-2kg-53,Quickmart
2026-05-07,rice,Fd-Falcon Himalayan Basmati Rice 5Kg,"KES 1,299.00","KES 1,725.00",https://www.quickmart.co.ke/fd-falcon-himalayan-basmati-rice-5kg-40,Quickmart
2026-05-07,rice,Fd-Sunrice Basmati Rice 2Kg,KES 767.00,No discount,https://www.quickmart.co.ke/fd-sunrice-basmati-rice-2kg-54,Quickmart
2026-05-07,rice,Fd-M/H Choco Rice 250G Bag,KES 329.00,No discount,https://www.quickmart.co.ke/fd-m/h-choco-rice-250g-bag-46,Quickmart
2026-05-07,rice,Chinese Chicken Rice – 400G,KES 287.60,No discount,https://www.quickmart.co.ke/chinese-chicken-rice-–-400g-15,Quickmart
2026-05-07,rice,Pilau Rice – 400G,KES 319.60,No discount,https://www.quickmart.co.ke/pilau-rice-–-400g-66,Quickmart
2026-05-07,rice,Fd-Mjl Daawat Aromatic Rice 2Kg,KES 594.00,No discount,https://www.quickmart.co.ke/fd-mjl-daawat-aromatic-rice-2kg-56,Quickmart
2026-05-07,rice,Fd-Sunrice Kenya Pishori 5Kg,"KES 1,480.00",No discount,https://www.quickmart.co.ke/fd-sunrice-kenya-pishori-5kg-47,Quickmart
2026-05-07,rice,Kpl Quick Choice White Basmatic Rice 2Kg,KES 478.00,No discount,https://www.quickmart.co.ke/kpl-quick-choice-white-basmatic-rice-2kg-58,Quickmart
2026-05-07,rice,Fd-Mjl Daawat Biryani Rice 2Kg,KES 549.00,No discount,https://www.quickmart.co.ke/fd-mjl-daawat-biryani-rice-2kg-55,Quickmart
2026-05-07,rice,Fd- Cap Ranee Premium Rice 5Kg,"KES 1,484.00","KES 1,855.00",https://www.quickmart.co.ke/fd-cap-ranee-premium-rice-5kg-57,Quickmart
2026-05-07,rice,Fd-Mjl 224 Long Grain Rice 2Kg,KES 322.00,No discount,https://www.quickmart.co.ke/fd-mjl-224-long-grain-rice-2kg-50,Quickmart
2026-05-07,rice,Fd-Mjl 224 Long Grain Rice 1Kg,KES 162.00,No discount,https://www.quickmart.co.ke/fd-mjl-224-long-grain-rice-1kg-28,Quickmart
2026-05-07,rice,Fd- Cap Pearl Pishori Rice L/G 1Kg,KES 324.00,No discount,https://www.quickmart.co.ke/fd-cap-pearl-pishori-rice-l/g-1kg-54,Quickmart
2026-05-07,rice,Fd-Hul M/Harvest Choco Rice Bag 450G,KES 529.00,No discount,https://www.quickmart.co.ke/fd-hul-m/harvest-choco-rice-bag-450g-57,Quickmart
2026-05-07,rice,Fd-Asanta Rice Blended 1Kg,KES 155.00,No discount,https://www.quickmart.co.ke/fd-asanta-rice-blended-1kg-50,Quickmart
2026-05-07,rice,Vegetable Rice – 400G,KES 219.60,No discount,https://www.quickmart.co.ke/vegetable-rice-–-400g-22,Quickmart
2026-05-07,rice,Fd-Mjl 224 Aromatic Rice 5Kg,"KES 1,118.00",No discount,https://www.quickmart.co.ke/fd-mjl-224-aromatic-rice-5kg-46,Quickmart
2026-05-07,rice,Cashew Nut Rice – 400G,KES 223.60,No discount,https://www.quickmart.co.ke/cashew-nut-rice-–-400g-17,Quickmart
2026-05-07,rice,Cereal Box Sindano Rice Per 500G,KES 115.00,No discount,https://www.quickmart.co.ke/cereal-box-sindano-rice-per-500g-1,Quickmart
2026-05-07,rice,Fd- Kcl S&S Mwea Pishori Rice 5Kg,"KES 1,474.00",No discount,https://www.quickmart.co.ke/fd-kcl-s-s-mwea-pishori-rice-5kg-57,Quickmart
2026-05-07,rice,Fd-Baraka Basmati Rice 2Kg,KES 509.00,KES 636.00,https://www.quickmart.co.ke/fd-baraka-basmati-rice-2kg-57,Quickmart
2026-05-07,rice,Fd-Cap Ranee Rice Long Grain 1Kg(Everyda,KES 170.00,No discount,https://www.quickmart.co.ke/fd-cap-ranee-rice-long-grain-1kg(everyda-37,Quickmart
2026-05-07,rice,Fd-Guru Blended Prem Pishori Rice 2Kg,KES 500.00,No discount,https://www.quickmart.co.ke/fd-guru-blended-prem-pishori-rice-2kg-57,Quickmart
2026-05-07,rice,Fd-Kcl S&S Parboiled Basmati Rice 2Kg,KES 421.00,No discount,https://www.quickmart.co.ke/fd-kcl-s-s-parboiled-basmati-rice-2kg-57,Quickmart
2026-05-07,rice,Fd-Mjl Daawat Biryani Rice 1Kg,KES 279.00,No discount,https://www.quickmart.co.ke/fd-mjl-daawat-biryani-rice-1kg-52,Quickmart
2026-05-07,rice,Fd-Kcl Mrpp Mwea Variety Rice 2Kg,KES 434.00,No discount,https://www.quickmart.co.ke/fd-kcl-mrpp-mwea-variety-rice-2kg-57,Quickmart
2026-05-07,rice,Fd-Rel-Family Taste Basmati Rice 5Kg,"KES 1,179.00",No discount,https://www.quickmart.co.ke/fd-rel-family-taste-basmati-rice-5kg-42,Quickmart
2026-05-07,rice,Fd-Cap Ranee Rice Long Grain 2Kg Everyda,KES 340.00,No discount,https://www.quickmart.co.ke/fd-cap-ranee-rice-long-grain-2kg-everyda-56,Quickmart
2026-05-07,rice,Fd-Cap Ranee Long Grain Rice5Kg(Everyday,KES 842.00,No discount,https://www.quickmart.co.ke/fd-cap-ranee-long-grain-rice5kg(everyday-56,Quickmart
2026-05-07,rice,Fd-Sunrice Kenya Pishori 2Kg,KES 600.00,No discount,https://www.quickmart.co.ke/fd-sunrice-kenya-pishori-2kg-57,Quickmart
2026-05-07,rice,Fd-Kcl S&S Mwea Pishori Rice 1Kg,KES 302.00,No discount,https://www.quickmart.co.ke/fd-kcl-s-s-mwea-pishori-rice-1kg-56,Quickmart
2026-05-07,rice,Fd-Merry's Gold Pure Pishori Rice 5Kg,"KES 1,049.00","KES 1,172.00",https://www.quickmart.co.ke/fd-merry's-gold-pure-pishori-rice-5kg-30,Quickmart
2026-05-07,rice,Fd-Merry's Gold Pure Pishori Rice 1Kg,KES 251.00,No discount,https://www.quickmart.co.ke/fd-merry's-gold-pure-pishori-rice-1kg-55,Quickmart
2026-05-07,rice,Fd-Kcl Mrpp Mwea Variety Rice 5Kg,"KES 1,047.00",No discount,https://www.quickmart.co.ke/fd-kcl-mrpp-mwea-variety-rice-5kg-57,Quickmart
2026-05-07,rice,Fd-Sunrice Biryani Rice 5Kg,"KES 1,254.00",No discount,https://www.quickmart.co.ke/fd-sunrice-biryani-rice-5kg-57,Quickmart
2026-05-07,rice,Fd-Sunrice Long Grain Rice 2Kg,KES 386.00,No discount,https://www.quickmart.co.ke/fd-sunrice-long-grain-rice-2kg-57,Quickmart
2026-05-07,rice,Fd-Cap Pearl Super Basmati Rice 2Kg,KES 629.00,KES 786.00,https://www.quickmart.co.ke/fd-cap-pearl-super-basmati-rice-2kg-54,Quickmart
2026-05-07,rice,Fd-Cap Cil Brown Rice 1Kg,KES 349.00,No discount,https://www.quickmart.co.ke/fd-cap-cil-brown-rice-1kg-54,Quickmart
2026-05-07,rice,Fd- Quick Choice Long Grain Rice 1Kg,KES 184.00,No discount,https://www.quickmart.co.ke/fd-quick-choice-long-grain-rice-1kg-56,Quickmart
2026-05-07,rice,Fd-Weetabix Family Cereal 450G/425G,KES 359.00,No discount,https://www.quickmart.co.ke/fd-weetabix-family-cereal-450g/425g-47,Quickmart
2026-05-07,rice,Fd-Mjl Daawat Green Grams 500Gm,KES 117.00,No discount,https://www.quickmart.co.ke/fd-mjl-daawat-green-grams-500gm-31,Quickmart
2026-05-07,rice,Fd-Nutrameal Imported Popcorn 1Kg,KES 350.00,No discount,https://www.quickmart.co.ke/fd-nutrameal-imported-popcorn-1kg-47,Quickmart
2026-05-07,rice,Ws-Ajab Rice 25Kg,"KES 2,450.00",No discount,https://www.quickmart.co.ke/ws-ajab-rice-25kg-36,Quickmart
2026-05-07,rice,Cereal Box Shelled Rstd Salted Peanuts Per 100G,KES 70.00,No discount,https://www.quickmart.co.ke/cereal-box-shelled-rstd-salted-peanuts-per-100g-1,Quickmart
2026-05-07,rice,Fd-Cap Pearl Pulses Green Gram 500G,KES 124.00,No discount,https://www.quickmart.co.ke/fd-cap-pearl-pulses-green-gram-500g-53,Quickmart
2026-05-07,rice,Fd-M/H Catering Cornflakes 500G Bag,KES 415.00,No discount,https://www.quickmart.co.ke/fd-m/h-catering-cornflakes-500g-bag-56,Quickmart
2026-05-07,rice,Fd-Weetabix Standard 210Gms,KES 205.00,No discount,https://www.quickmart.co.ke/fd-weetabix-standard-210gms-46,Quickmart
2026-05-07,rice,Fd-Butterfly Greengrams Polished 1Kg,KES 309.00,No discount,https://www.quickmart.co.ke/fd-butterfly-greengrams-polished-1kg-59,Quickmart
2026-05-07,rice,Fd-Baraka Extra Long Grain Life 5Kg,KES 812.00,No discount,https://www.quickmart.co.ke/fd-baraka-extra-long-grain-life-5kg-42,Quickmart
2026-05-07,rice,Fd-Godson Organics Chia Seed(Blk)Gst100G,KES 169.00,No discount,https://www.quickmart.co.ke/fd-godson-organics-chia-seed(blk)gst100g-39,Quickmart
2026-05-07,rice,Fd-Mjl Daawat Green Grams 1Kg,KES 234.00,No discount,https://www.quickmart.co.ke/fd-mjl-daawat-green-grams-1kg-52,Quickmart
2026-05-07,rice,Fd-Butterfly Greengrams Polished 500G,KES 160.00,No discount,https://www.quickmart.co.ke/fd-butterfly-greengrams-polished-500g-57,Quickmart
2026-05-07,rice,Fd-Mjl Daawat Lentils (Kamande)1Kg,KES 405.00,No discount,https://www.quickmart.co.ke/fd-mjl-daawat-lentils-(kamande)1kg-60,Quickmart
2026-05-07,rice,Fd-Amana Nyayo Beans 1Kg,KES 300.00,No discount,https://www.quickmart.co.ke/fd-amana-nyayo-beans-1kg-43,Quickmart
2026-05-07,rice,Hc-Tkl Jik Regular 750Ml,KES 430.00,No discount,https://www.quickmart.co.ke/hc-tkl-jik-regular-750ml-49,Quickmart
2026-05-07,rice,Fd-Nutrameal Nyayo Beans 1Kg,KES 290.00,No discount,https://www.quickmart.co.ke/fd-nutrameal-nyayo-beans-1kg-57,Quickmart
2026-05-07,rice,Fd-M/Harvest Cornflakes 250G Bag,KES 259.00,No discount,https://www.quickmart.co.ke/fd-m/harvest-cornflakes-250g-bag-57,Quickmart
2026-05-07,rice,Fd-Sf Bravo Puppy Chicken&Rice 15Kg,"KES 5,335.00",No discount,https://www.quickmart.co.ke/fd-sf-bravo-puppy-chicken-rice-15kg-48,Quickmart
2026-05-07,rice,Cereal Box Chia Seeds Mc Per 100G,KES 134.50,No discount,https://www.quickmart.co.ke/cereal-box-chia-seeds-mc-per-100g-1,Quickmart
2026-05-07,rice,Fd-M/Harvest Superfast Oat 1Kg Bag,KES 419.00,No discount,https://www.quickmart.co.ke/fd-m/harvest-superfast-oat-1kg-bag-54,Quickmart
2026-05-07,rice,Fd-Nutrameal Imported Popcorn 500G,KES 190.00,No discount,https://www.quickmart.co.ke/fd-nutrameal-imported-popcorn-500g-53,Quickmart
2026-05-07,rice,Fd-Cap Cil Pishori Aromatic 1Kg,KES 303.00,No discount,https://www.quickmart.co.ke/fd-cap-cil-pishori-aromatic-1kg-53,Quickmart
2026-05-07,rice,Fd-Butterfly Black Njahi 1Kg,KES 289.00,No discount,https://www.quickmart.co.ke/fd-butterfly-black-njahi-1kg-55,Quickmart
2026-05-07,cooking oil,Fd-Bid Golden Fry Cooking Oil 5L,"KES 1,299.00","KES 1,616.00",https://www.quickmart.co.ke/fd-bid-golden-fry-cooking-oil-5l-36,Quickmart
2026-05-07,cooking oil,Fd-Bid Golden Fry Cooking Oil 2L,KES 690.00,No discount,https://www.quickmart.co.ke/fd-bid-golden-fry-cooking-oil-2l-43,Quickmart
2026-05-07,cooking oil,Fd-Pop Fresh Fri Cooking Oil 10L,"KES 2,975.00",No discount,https://www.quickmart.co.ke/fd-pop-fresh-fri-cooking-oil-10l-47,Quickmart
2026-05-07,cooking oil,Fd-Pop Fresh Fri Cooking Oil 250Ml,KES 104.00,No discount,https://www.quickmart.co.ke/fd-pop-fresh-fri-cooking-oil-250ml-36,Quickmart
2026-05-07,cooking oil,Fd-Bid Golden Fry Cooking Oil 3L,"KES 1,050.00",No discount,https://www.quickmart.co.ke/fd-bid-golden-fry-cooking-oil-3l-45,Quickmart
2026-05-07,cooking oil,Fd-Kap Kasuku Cooking Fat 1Kg,KES 349.00,KES 430.00,https://www.quickmart.co.ke/fd-kap-kasuku-cooking-fat-1kg-57,Quickmart
2026-05-07,cooking oil,Fd-Bid Chipsy Cooking Fat 500G,KES 192.00,No discount,https://www.quickmart.co.ke/fd-bid-chipsy-cooking-fat-500g-34,Quickmart
2026-05-07,cooking oil,Fd-Kap Kasuku Cooking Fat 500G,KES 176.00,KES 220.00,https://www.quickmart.co.ke/fd-kap-kasuku-cooking-fat-500g-49,Quickmart
2026-05-07,cooking oil,Fd-Bid Chipsy Cooking Fat 1Kg,KES 377.00,No discount,https://www.quickmart.co.ke/fd-bid-chipsy-cooking-fat-1kg-48,Quickmart
2026-05-07,cooking oil,Rina Vegetable Oil 5L,"KES 1,499.00",No discount,https://www.quickmart.co.ke/rina-vegetable-oil-5l-40,Quickmart
2026-05-07,cooking oil,Fd-Gak Avena Veg Oil 5L,"KES 1,450.00","KES 1,610.00",https://www.quickmart.co.ke/fd-gak-avena-veg-oil-5l-44,Quickmart
2026-05-07,cooking oil,Fresh Fri Oil 5L,"KES 1,399.00","KES 1,600.00",https://www.quickmart.co.ke/fresh-fri-oil-5l-40,Quickmart
2026-05-07,cooking oil,Rina Vegetable Oil 2Ltrs,KES 569.00,No discount,https://www.quickmart.co.ke/rina-vegetable-oil-2ltrs-40,Quickmart
2026-05-07,cooking oil,Fd-Pop Fresh Fri Oil 1Ltr,KES 350.00,No discount,https://www.quickmart.co.ke/fd-pop-fresh-fri-oil-1ltr-32,Quickmart
2026-05-07,cooking oil,Rina Vegetable Oil 3L,KES 899.00,No discount,https://www.quickmart.co.ke/rina-vegetable-oil-3l-40,Quickmart
2026-05-07,cooking oil,Fd- Mrl Top Fry Vegetable Oil 3L,KES 889.00,No discount,https://www.quickmart.co.ke/fd-mrl-top-fry-vegetable-oil-3l-37,Quickmart
2026-05-07,cooking oil,Fd-Kap Rinsun Sunflower Oil 3L,"KES 1,247.00","KES 1,385.00",https://www.quickmart.co.ke/fd-kap-rinsun-sunflower-oil-3l-47,Quickmart
2026-05-07,cooking oil,Fd-Kap Rina Vegetable Oil 10L,"KES 2,950.00",No discount,https://www.quickmart.co.ke/fd-kap-rina-vegetable-oil-10l-49,Quickmart
2026-05-07,cooking oil,Fd-Kentaste Coconut Oil 200Ml/250Ml,KES 419.00,No discount,https://www.quickmart.co.ke/fd-kentaste-coconut-oil-200ml/250ml-58,Quickmart
2026-05-07,cooking oil,Fresh Fri Oil 500Ml,KES 190.00,No discount,https://www.quickmart.co.ke/fresh-fri-oil-500ml-40,Quickmart
2026-05-07,cooking oil,Fd-Bid Elianto Corn Oil 5L,"KES 2,623.00",No discount,https://www.quickmart.co.ke/fd-bid-elianto-corn-oil-5l-49,Quickmart
2026-05-07,cooking oil,Fresh Fri Oil 2L,KES 680.00,No discount,https://www.quickmart.co.ke/fresh-fri-oil-2l-40,Quickmart
2026-05-07,cooking oil,Fd-Bid Kimbo Premium Oil 2L,KES 790.00,No discount,https://www.quickmart.co.ke/fd-bid-kimbo-premium-oil-2l-44,Quickmart
2026-05-07,cooking oil,Fd-Bid Elianto Corn Oil 1L,KES 599.00,No discount,https://www.quickmart.co.ke/fd-bid-elianto-corn-oil-1l-43,Quickmart
2026-05-07,cooking oil,Fd-Kap Rinsun Sunflower Oil 500Ml,KES 245.00,No discount,https://www.quickmart.co.ke/fd-kap-rinsun-sunflower-oil-500ml-35,Quickmart
2026-05-07,cooking oil,Fd-Kentaste Coconut Oil 400Ml,KES 704.00,No discount,https://www.quickmart.co.ke/fd-kentaste-coconut-oil-400ml-49,Quickmart
2026-05-07,cooking oil,Rina Vegetable Oil 1L,KES 322.00,KES 360.00,https://www.quickmart.co.ke/rina-vegetable-oil-1l-40,Quickmart
2026-05-07,cooking oil,Fd-Dfl-Santa Maria E/Virginoliveoil100Ml,KES 440.00,No discount,https://www.quickmart.co.ke/fd-dfl-santa-maria-e/virginoliveoil100ml-52,Quickmart
2026-05-07,cooking oil,Fd- Kentaste Coconut Oil 60Ml,KES 104.00,No discount,https://www.quickmart.co.ke/fd-kentaste-coconut-oil-60ml-41,Quickmart
2026-05-07,cooking oil,Fd-Gak Avena Veg Oil 2L,KES 690.00,No discount,https://www.quickmart.co.ke/fd-gak-avena-veg-oil-2l-49,Quickmart
2026-05-07,cooking oil,Fd-Dfl Santamaria E/Virgin Oliveoil250Ml,KES 825.00,KES 925.00,https://www.quickmart.co.ke/fd-dfl-santamaria-e/virgin-oliveoil250ml-50,Quickmart
2026-05-07,cooking oil,Fd-Gak Avena Veg Oil 10L,"KES 2,935.00",No discount,https://www.quickmart.co.ke/fd-gak-avena-veg-oil-10l-52,Quickmart
2026-05-07,cooking oil,Rinsun Sunflower Oil 1L,KES 441.00,KES 490.00,https://www.quickmart.co.ke/rinsun-sunflower-oil-1l-40,Quickmart
2026-05-07,cooking oil,Fd-Bid Elianto Corn Oil 2Lt,"KES 1,197.00",No discount,https://www.quickmart.co.ke/fd-bid-elianto-corn-oil-2lt-51,Quickmart
2026-05-07,cooking oil,Fd-Kap Rinsun Sunflower Oil 2L,KES 860.00,KES 955.00,https://www.quickmart.co.ke/fd-kap-rinsun-sunflower-oil-2l-48,Quickmart
2026-05-07,cooking oil,Fd-Bid Sun Gold Seed Oil 3L,"KES 1,221.00",No discount,https://www.quickmart.co.ke/fd-bid-sun-gold-seed-oil-3l-57,Quickmart
2026-05-07,cooking oil,Fd-Olivia Extra Virgin Olive Oil 750Ml,"KES 1,850.00","KES 2,640.00",https://www.quickmart.co.ke/fd-olivia-extra-virgin-olive-oil-750ml-47,Quickmart
2026-05-07,cooking oil,Fd-Olivia Extra Virgin Olive Oil 500Ml,"KES 1,400.00","KES 1,975.00",https://www.quickmart.co.ke/fd-olivia-extra-virgin-olive-oil-500ml-49,Quickmart
2026-05-07,cooking oil,Cowboy Spesheli 500G,KES 182.00,KES 192.00,https://www.quickmart.co.ke/cowboy-spesheli-500g-40,Quickmart
2026-05-07,cooking oil,Fd-Bid Cowboy Spesheli 2Kg,KES 701.00,KES 738.00,https://www.quickmart.co.ke/fd-bid-cowboy-spesheli-2kg-44,Quickmart
2026-05-07,cooking oil,Fd-Bid Cowboy Spesheli 1Kg,KES 358.00,KES 377.00,https://www.quickmart.co.ke/fd-bid-cowboy-spesheli-1kg-52,Quickmart
2026-05-07,cooking oil,Fd-Kap Rinsun Sunflower 5Ltrs,"KES 1,859.00","KES 2,065.00",https://www.quickmart.co.ke/fd-kap-rinsun-sunflower-5ltrs-44,Quickmart
2026-05-07,cooking oil,Fd-B/Side Cooking Cream 230Ml,KES 205.00,No discount,https://www.quickmart.co.ke/fd-b/side-cooking-cream-230ml-47,Quickmart
2026-05-07,cooking oil,Fd-B/Side Cooking Cream 400Ml,KES 345.00,No discount,https://www.quickmart.co.ke/fd-b/side-cooking-cream-400ml-48,Quickmart
2026-05-07,cooking oil,Tiara Toilet Paper - Ten Pack,KES 385.00,No discount,https://www.quickmart.co.ke/tiara-toilet-paper-ten-pack-18,Quickmart
2026-05-07,cooking oil,Cosy Poa Toilet Paper 10P Whte 150Sht,KES 295.00,No discount,https://www.quickmart.co.ke/cosy-poa-toilet-paper-10p-whte-150sht-20,Quickmart
2026-05-07,cooking oil,Toilex White Tissue 10Pack Unwrapped,KES 348.00,KES 435.00,https://www.quickmart.co.ke/toilex-white-tissue-10pack-unwrapped-20,Quickmart
2026-05-07,cooking oil,Hc-Rosy Extra Toilet Tissue 10Pk,KES 325.00,No discount,https://www.quickmart.co.ke/hc-rosy-extra-toilet-tissue-10pk-48,Quickmart
2026-05-07,cooking oil,Hc-Hurricane Toilet Cleaner 500Ml V/Pack,KES 340.00,No discount,https://www.quickmart.co.ke/hc-hurricane-toilet-cleaner-500ml-v/pack-55,Quickmart
2026-05-07,cooking oil,Hc-Chn Velvex Citrus Toilet Cleaner 500M,KES 250.00,No discount,https://www.quickmart.co.ke/hc-chn-velvex-citrus-toilet-cleaner-500m-35,Quickmart
2026-05-07,cooking oil,Hc-Zkl Hanan Toilet Rolls 10Pk,KES 595.00,No discount,https://www.quickmart.co.ke/hc-zkl-hanan-toilet-rolls-10pk-29,Quickmart
2026-05-07,cooking oil,Hc-Chn Velvex Kitchen Foil 5M*45Cm,KES 240.00,No discount,https://www.quickmart.co.ke/hc-chn-velvex-kitchen-foil-5m*45cm-20,Quickmart
2026-05-07,cooking oil,Hc-Zkl Bella Toilet Rolls 4Pack,KES 150.00,No discount,https://www.quickmart.co.ke/hc-zkl-bella-toilet-rolls-4pack-21,Quickmart
2026-05-07,cooking oil,Hc- Aci Flora Toilet Paper 10Pack 10S,KES 319.00,No discount,https://www.quickmart.co.ke/hc-aci-flora-toilet-paper-10pack-10s-18,Quickmart
2026-05-07,cooking oil,Pc-Vibs-Nice & Lovely Bio Body Oil 100Ml,KES 750.00,No discount,https://www.quickmart.co.ke/pc-vibs-nice-lovely-bio-body-oil-100ml-46,Quickmart
2026-05-07,cooking oil,Toilex Toilet Tissue Printed Blue 4Pack Unwrapped,KES 132.00,KES 176.00,https://www.quickmart.co.ke/toilex-toilet-tissue-printed-blue-4pack-unwrapped-20,Quickmart
2026-05-07,cooking oil,Hc-Zkl Bella Toilet Roll 10Pack,KES 380.00,No discount,https://www.quickmart.co.ke/hc-zkl-bella-toilet-roll-10pack-24,Quickmart
2026-05-07,cooking oil,Hc- Safisha Toilet Cleaner O/Fresh 500Ml,KES 225.00,No discount,https://www.quickmart.co.ke/hc-safisha-toilet-cleaner-o/fresh-500ml-58,Quickmart
2026-05-07,cooking oil,Hc-Sbn Safisha Toilet Cleaner Lav. 500Ml,KES 248.00,No discount,https://www.quickmart.co.ke/hc-sbn-safisha-toilet-cleaner-lav.-500ml-33,Quickmart
2026-05-07,cooking oil,Pc-Pzc Cussons Baby Oil Mild&Gentle 50Ml,KES 150.00,No discount,https://www.quickmart.co.ke/pc-pzc-cussons-baby-oil-mild-gentle-50ml-38,Quickmart
2026-05-07,cooking oil,Hc-Sbn Safisha Toilet Blocks Lavender 4P,KES 297.00,No discount,https://www.quickmart.co.ke/hc-sbn-safisha-toilet-blocks-lavender-4p-57,Quickmart
2026-05-07,cooking oil,Ballet Baby Oil 125Ml,KES 173.00,No discount,https://www.quickmart.co.ke/ballet-baby-oil-125ml-3,Quickmart
2026-05-07,cooking oil,Pc-Famrico Extra Virgin Coconut Oil 65Ml,KES 100.00,No discount,https://www.quickmart.co.ke/pc-famrico-extra-virgin-coconut-oil-65ml-36,Quickmart
2026-05-07,cooking oil,Pc-Uni Geisha Soap Moringa Oil 125G,KES 110.00,No discount,https://www.quickmart.co.ke/pc-uni-geisha-soap-moringa-oil-125g-58,Quickmart
2026-05-07,cooking oil,Pc-Famrico Castor Oil 65Ml,KES 190.00,No discount,https://www.quickmart.co.ke/pc-famrico-castor-oil-65ml-42,Quickmart
2026-05-07,cooking oil,Hc-Sbn Safisha Toilet Blocks Oceanbreeze,KES 188.00,No discount,https://www.quickmart.co.ke/hc-sbn-safisha-toilet-blocks-oceanbreeze-111,Quickmart
2026-05-07,cooking oil,Hc-Zkl Hanan Toilet Roll 40S 1Pk,KES 60.00,No discount,https://www.quickmart.co.ke/hc-zkl-hanan-toilet-roll-40s-1pk-30,Quickmart
2026-05-07,cooking oil,Pc-Alison Coconut Oil Scent Free 120Ml,KES 265.00,No discount,https://www.quickmart.co.ke/pc-alison-coconut-oil-scent-free-120ml-42,Quickmart
2026-05-07,cooking oil,Hc-Kim Fay Aluminium Foil 5M 30Cmx5M,KES 165.00,No discount,https://www.quickmart.co.ke/hc-kim-fay-aluminium-foil-5m-30cmx5m-26,Quickmart
2026-05-07,cooking oil,Hc-Odo Smile Toilet Ball Packets Of 5Bal,KES 165.00,No discount,https://www.quickmart.co.ke/hc-odo-smile-toilet-ball-packets-of-5bal-24,Quickmart
2026-05-07,cooking oil,Pc-Pzc Cussons Baby S&S Oil 100Ml,KES 230.00,No discount,https://www.quickmart.co.ke/pc-pzc-cussons-baby-s-s-oil-100ml-55,Quickmart
2026-05-07,cooking oil,Hc-Zkl Hanan Foil 45Cmx5M,KES 195.00,No discount,https://www.quickmart.co.ke/hc-zkl-hanan-foil-45cmx5m-32,Quickmart
2026-05-07,cooking oil,Hc-Velvex Alumfoil Embossed30Cmx5M36S,KES 165.00,No discount,https://www.quickmart.co.ke/hc-velvex-alumfoil-embossed30cmx5m36s-3,Quickmart
2026-05-07,cooking oil,Pc-Sgm Angelique Oil Almond 200Ml/300Ml,KES 350.00,No discount,https://www.quickmart.co.ke/pc-sgm-angelique-oil-almond-200ml/300ml-56,Quickmart
2026-05-07,cooking oil,Pc-Ideal Pure Olive Oil 50Ml,KES 220.00,No discount,https://www.quickmart.co.ke/pc-ideal-pure-olive-oil-50ml-35,Quickmart
2026-05-07,cooking oil,Pc-Famrico Castor Oil 250Ml,KES 420.00,No discount,https://www.quickmart.co.ke/pc-famrico-castor-oil-250ml-37,Quickmart
2026-05-07,cooking oil,Toilex Tissue White 2Pack 20S,KES 88.00,No discount,https://www.quickmart.co.ke/toilex-tissue-white-2pack-20s-39,Quickmart
2026-05-07,cooking oil,Pc-Pzc Cussons Baby Oil M&G 200Ml,KES 420.00,No discount,https://www.quickmart.co.ke/pc-pzc-cussons-baby-oil-m-g-200ml-57,Quickmart
2026-05-07,cooking oil,Hc-Uni-Vim Toilet Cleaner Lavender 1L,KES 520.00,No discount,https://www.quickmart.co.ke/hc-uni-vim-toilet-cleaner-lavender-1l-42,Quickmart
2026-05-07,cooking oil,Hc-Uni-Vim Toilet Cleaner Lemon 1L,KES 520.00,No discount,https://www.quickmart.co.ke/hc-uni-vim-toilet-cleaner-lemon-1l-42,Quickmart
2026-05-07,cooking oil,Pc-Famrico Extra Virgin Coconut Oil120Ml,KES 165.00,No discount,https://www.quickmart.co.ke/pc-famrico-extra-virgin-coconut-oil120ml-42,Quickmart
2026-05-07,cooking oil,Pc-Ideal Castor Oil 200Ml,KES 430.00,No discount,https://www.quickmart.co.ke/pc-ideal-castor-oil-200ml-57,Quickmart
2026-05-07,maize flour,Fd-Jogoo Maize Meal 2Kg,KES 168.00,No discount,https://www.quickmart.co.ke/fd-jogoo-maize-meal-2kg-54,Quickmart
2026-05-07,maize flour,Fd- Egl Dola Maize Meal 2Kg,KES 149.00,KES 168.00,https://www.quickmart.co.ke/fd-egl-dola-maize-meal-2kg-53,Quickmart
2026-05-07,maize flour,Ajab Premium Fortified Sifted Maize Meal 2Kg,KES 177.00,No discount,https://www.quickmart.co.ke/ajab-premium-fortified-sifted-maize-meal-2kg-43,Quickmart
2026-05-07,maize flour,Fd-Raha Premium Maize Meal 2 Kg,KES 197.00,No discount,https://www.quickmart.co.ke/fd-raha-premium-maize-meal-2-kg-51,Quickmart
2026-05-07,maize flour,Fd-Joymax Maize Meal 5Kg,KES 345.00,No discount,https://www.quickmart.co.ke/fd-joymax-maize-meal-5kg-56,Quickmart
2026-05-07,maize flour,Mfalme 2Kg Sifted Maize Meal,KES 163.00,No discount,https://www.quickmart.co.ke/mfalme-2kg-sifted-maize-meal-40,Quickmart
2026-05-07,maize flour,Fd-Spenza Premium Maize Meal 2Kg,KES 187.00,No discount,https://www.quickmart.co.ke/fd-spenza-premium-maize-meal-2kg-56,Quickmart
2026-05-07,maize flour,Fd-Raha Premium Maize Meal 5 Kg,KES 495.00,No discount,https://www.quickmart.co.ke/fd-raha-premium-maize-meal-5-kg-52,Quickmart
2026-05-07,maize flour,Oryx Premium Maize Meal 2Kg,KES 169.00,No discount,https://www.quickmart.co.ke/oryx-premium-maize-meal-2kg-40,Quickmart
2026-05-07,maize flour,Fd-Pembe Maize Meal 10Kg,KES 800.00,KES 830.00,https://www.quickmart.co.ke/fd-pembe-maize-meal-10kg-55,Quickmart
2026-05-07,maize flour,Fd-Spenza Premium Maize Meal 1Kg,KES 94.00,No discount,https://www.quickmart.co.ke/fd-spenza-premium-maize-meal-1kg-58,Quickmart
2026-05-07,maize flour,Fd-Ndovu Maize Meal 1Kg,KES 75.00,No discount,https://www.quickmart.co.ke/fd-ndovu-maize-meal-1kg-14,Quickmart
2026-05-07,maize flour,Fd- Ndovu Maize Meal 5Kg,KES 370.00,No discount,https://www.quickmart.co.ke/fd-ndovu-maize-meal-5kg-14,Quickmart
2026-05-07,maize flour,Fd-Lea Premium Maize Meal 2Kg,KES 190.00,No discount,https://www.quickmart.co.ke/fd-lea-premium-maize-meal-2kg-28,Quickmart
2026-05-07,maize flour,Fd-Ndovu Maize Meal 10Kg,KES 735.00,No discount,https://www.quickmart.co.ke/fd-ndovu-maize-meal-10kg-14,Quickmart
2026-05-07,maize flour,Fd-Pembe Maize Flour 2Kg,KES 159.00,KES 170.00,https://www.quickmart.co.ke/fd-pembe-maize-flour-2kg-54,Quickmart
2026-05-07,maize flour,Fd-Cap Soko Maize Flour 2Kg,KES 162.00,KES 170.00,https://www.quickmart.co.ke/fd-cap-soko-maize-flour-2kg-53,Quickmart
2026-05-07,maize flour,Fd-Keb 210 Sifted Maize Flour 2Kg,KES 158.00,No discount,https://www.quickmart.co.ke/fd-keb-210-sifted-maize-flour-2kg-51,Quickmart
2026-05-07,maize flour,Fd-Ndovu Maize Flour 2Kg,KES 145.00,No discount,https://www.quickmart.co.ke/fd-ndovu-maize-flour-2kg-56,Quickmart
2026-05-07,maize flour,Fd-Cap Amaize Flour 2Kg,KES 193.00,KES 207.00,https://www.quickmart.co.ke/fd-cap-amaize-flour-2kg-53,Quickmart
2026-05-07,maize flour,Fd-Cap Soko Maize Flour 5Kg,KES 429.00,No discount,https://www.quickmart.co.ke/fd-cap-soko-maize-flour-5kg-56,Quickmart
2026-05-07,maize flour,Fd-Pembe Maize Flour 5Kg,KES 400.00,KES 415.00,https://www.quickmart.co.ke/fd-pembe-maize-flour-5kg-58,Quickmart
2026-05-07,maize flour,Fd-Hostess Maize Flour 2Kg,KES 200.00,No discount,https://www.quickmart.co.ke/fd-hostess-maize-flour-2kg-54,Quickmart
2026-05-07,maize flour,Fd-Swan Maize Flour 2Kg,KES 145.00,No discount,https://www.quickmart.co.ke/fd-swan-maize-flour-2kg-44,Quickmart
2026-05-07,maize flour,Fd-Cap Soko Maize Flour 10Kg,KES 847.00,No discount,https://www.quickmart.co.ke/fd-cap-soko-maize-flour-10kg-56,Quickmart
2026-05-07,maize flour,Fd-Cap Soko Maize Flour 1Kg,KES 87.00,No discount,https://www.quickmart.co.ke/fd-cap-soko-maize-flour-1kg-54,Quickmart
2026-05-07,maize flour,Fd-Mama Maize Flour 2Kg,KES 150.00,No discount,https://www.quickmart.co.ke/fd-mama-maize-flour-2kg-57,Quickmart
2026-05-07,maize flour,Fd-Pembe Maize Flour 1Kg,KES 90.00,No discount,https://www.quickmart.co.ke/fd-pembe-maize-flour-1kg-35,Quickmart
2026-05-07,maize flour,Fd-Jogoo Maize Flour 10Kg,KES 860.00,No discount,https://www.quickmart.co.ke/fd-jogoo-maize-flour-10kg-55,Quickmart
2026-05-07,maize flour,Fd-Jogoo Maize Flour 5Kg,KES 436.00,No discount,https://www.quickmart.co.ke/fd-jogoo-maize-flour-5kg-55,Quickmart
2026-05-07,maize flour,Fd-Nice Extra Premium 2Kg,KES 188.00,No discount,https://www.quickmart.co.ke/fd-nice-extra-premium-2kg-35,Quickmart
2026-05-07,maize flour,Fd-Nice Extra Premium 1Kg,KES 95.00,No discount,https://www.quickmart.co.ke/fd-nice-extra-premium-1kg-35,Quickmart
2026-05-07,maize flour,Fd-Winnie Ugali Afya 2Kg,KES 301.00,No discount,https://www.quickmart.co.ke/fd-winnie-ugali-afya-2kg-52,Quickmart
2026-05-07,maize flour,Fd-Cap Soko Nutrigo 1Kg,KES 155.00,No discount,https://www.quickmart.co.ke/fd-cap-soko-nutrigo-1kg-55,Quickmart
2026-05-07,maize flour,Fd- Gram Kamal Flour 2Kg,KES 536.00,No discount,https://www.quickmart.co.ke/fd-gram-kamal-flour-2kg-55,Quickmart
2026-05-07,maize flour,Fd-Cap Soko Nutrigo 2Kg,KES 271.00,KES 300.00,https://www.quickmart.co.ke/fd-cap-soko-nutrigo-2kg-56,Quickmart
2026-05-07,maize flour,Nutrameal Sugar 2Kg,KES 305.00,No discount,https://www.quickmart.co.ke/nutrameal-sugar-2kg-40,Quickmart
2026-05-07,maize flour,Nutrameal Sugar 1Kg,KES 155.00,No discount,https://www.quickmart.co.ke/nutrameal-sugar-1kg-40,Quickmart
2026-05-07,maize flour,Fd-Nutrameal Imported Popcorn 1Kg,KES 350.00,No discount,https://www.quickmart.co.ke/fd-nutrameal-imported-popcorn-1kg-47,Quickmart
2026-05-07,maize flour,Fd-Nutrameal Nyayo Beans 1Kg,KES 290.00,No discount,https://www.quickmart.co.ke/fd-nutrameal-nyayo-beans-1kg-57,Quickmart
2026-05-07,maize flour,Fd-Nutrameal Imported Popcorn 500G,KES 190.00,No discount,https://www.quickmart.co.ke/fd-nutrameal-imported-popcorn-500g-53,Quickmart
2026-05-07,maize flour,Fd- Mjl Cereos Oatmeal Cereals 375G.,KES 297.00,No discount,https://www.quickmart.co.ke/fd-mjl-cereos-oatmeal-cereals-375g.-39,Quickmart
2026-05-07,maize flour,Fd-Nutrameal Black Njahi 1Kg,KES 275.00,No discount,https://www.quickmart.co.ke/fd-nutrameal-black-njahi-1kg-53,Quickmart
2026-05-07,maize flour,Fd-Nutrameal Yellow Beans 1Kg,KES 300.00,No discount,https://www.quickmart.co.ke/fd-nutrameal-yellow-beans-1kg-55,Quickmart
2026-05-07,maize flour,Fd-Nutrameal Red Lentils Masoor 1Kg,KES 430.00,No discount,https://www.quickmart.co.ke/fd-nutrameal-red-lentils-masoor-1kg-54,Quickmart
2026-05-07,maize flour,Fd-Jogoo Wimbi 2Kg,KES 276.00,No discount,https://www.quickmart.co.ke/fd-jogoo-wimbi-2kg-26,Quickmart
2026-05-07,maize flour,Fr-Jidan Green Maize Corn Per Pc,KES 50.00,No discount,https://www.quickmart.co.ke/fr-jidan-green-maize-corn-per-pc-34,Quickmart
2026-05-07,maize flour,Fr-Jidan Shelled Maize Per Kg,KES 329.00,No discount,https://www.quickmart.co.ke/fr-jidan-shelled-maize-per-kg-33,Quickmart
2026-05-07,maize flour,Fd- Butterfly Semolina Sooji 1Kg,KES 210.00,No discount,https://www.quickmart.co.ke/fd-butterfly-semolina-sooji-1kg-54,Quickmart
2026-05-07,maize flour,Fd-Soko Afya Whole Grain Maize 2Kg,KES 216.00,No discount,https://www.quickmart.co.ke/fd-soko-afya-whole-grain-maize-2kg-37,Quickmart
2026-05-07,maize flour,Fd-Nutrameal Sugar 5Kg,KES 849.00,No discount,https://www.quickmart.co.ke/fd-nutrameal-sugar-5kg-39,Quickmart
2026-05-07,maize flour,Fd-Kingsmil S/Wich Wholemeal Bread 400G,KES 65.00,No discount,https://www.quickmart.co.ke/fd-kingsmil-s/wich-wholemeal-bread-400g-46,Quickmart
2026-05-07,maize flour,Fr-Fresh Wholemeal Bread(600Gm),KES 135.00,No discount,https://www.quickmart.co.ke/fr-fresh-wholemeal-bread(600gm)-47,Quickmart
2026-05-07,wheat flour,Fd-Lotus Home Baking Flour 2Kg,KES 149.00,KES 160.00,https://www.quickmart.co.ke/fd-lotus-home-baking-flour-2kg-18,Quickmart
2026-05-07,wheat flour,Fd-Ajab Home Baking Flour 2Kg,KES 172.00,No discount,https://www.quickmart.co.ke/fd-ajab-home-baking-flour-2kg-50,Quickmart
2026-05-07,wheat flour,Pembe Home Baking Flour 2Kg,KES 160.00,KES 170.00,https://www.quickmart.co.ke/pembe-home-baking-flour-2kg-40,Quickmart
2026-05-07,wheat flour,Fd-Mc 210 Home Baking Flour 2Kg,KES 164.00,No discount,https://www.quickmart.co.ke/fd-mc-210-home-baking-flour-2kg-56,Quickmart
2026-05-07,wheat flour,Fd-Ajab Home Baking Flour 1Kg,KES 90.00,No discount,https://www.quickmart.co.ke/fd-ajab-home-baking-flour-1kg-53,Quickmart
2026-05-07,wheat flour,Fd-Cap Soko Homebaking Flour 2Kg,KES 164.00,KES 171.00,https://www.quickmart.co.ke/fd-cap-soko-homebaking-flour-2kg-57,Quickmart
2026-05-07,wheat flour,Fd-Cap Soko Homebaking Flour 1Kg,KES 88.00,No discount,https://www.quickmart.co.ke/fd-cap-soko-homebaking-flour-1kg-55,Quickmart
2026-05-07,wheat flour,Pembe Home Baking Flour 1Kg,KES 88.00,No discount,https://www.quickmart.co.ke/pembe-home-baking-flour-1kg-39,Quickmart
2026-05-07,wheat flour,Fd-Ndovu Home Baking Flour 1Kg,KES 85.00,No discount,https://www.quickmart.co.ke/fd-ndovu-home-baking-flour-1kg-58,Quickmart
2026-05-07,wheat flour,Fd- Ndovu Home Baking Flour 2Kg,KES 165.00,No discount,https://www.quickmart.co.ke/fd-ndovu-home-baking-flour-2kg-56,Quickmart
2026-05-07,wheat flour,Fd-Bfm Elliots Homebaking Flour 2Kg,KES 170.00,No discount,https://www.quickmart.co.ke/fd-bfm-elliots-homebaking-flour-2kg-53,Quickmart
2026-05-07,wheat flour,Fd-Pembe Maize Flour 2Kg,KES 159.00,KES 170.00,https://www.quickmart.co.ke/fd-pembe-maize-flour-2kg-54,Quickmart
2026-05-07,wheat flour,Pendo 2Kg Wheat Flour,KES 161.00,No discount,https://www.quickmart.co.ke/pendo-2kg-wheat-flour-40,Quickmart
2026-05-07,wheat flour,Fd- Kfm Dola All Purpose Flour 2Kg,KES 158.00,KES 168.00,https://www.quickmart.co.ke/fd-kfm-dola-all-purpose-flour-2kg-53,Quickmart
2026-05-07,wheat flour,Fd-Cap Soko Maize Flour 2Kg,KES 162.00,KES 170.00,https://www.quickmart.co.ke/fd-cap-soko-maize-flour-2kg-53,Quickmart
2026-05-07,wheat flour,Fd-Keb 210 Sifted Maize Flour 2Kg,KES 158.00,No discount,https://www.quickmart.co.ke/fd-keb-210-sifted-maize-flour-2kg-51,Quickmart
2026-05-07,wheat flour,Fd-Exe All Purpose Flour 2Kg,KES 174.00,No discount,https://www.quickmart.co.ke/fd-exe-all-purpose-flour-2kg-53,Quickmart
2026-05-07,wheat flour,Fd-Ndovu Maize Flour 2Kg,KES 145.00,No discount,https://www.quickmart.co.ke/fd-ndovu-maize-flour-2kg-56,Quickmart
2026-05-07,wheat flour,Fd-Ajab Fortified Self Raising Flour 2Kg,KES 174.00,No discount,https://www.quickmart.co.ke/fd-ajab-fortified-self-raising-flour-2kg-53,Quickmart
2026-05-07,wheat flour,Fd-Cap Amaize Flour 2Kg,KES 193.00,KES 207.00,https://www.quickmart.co.ke/fd-cap-amaize-flour-2kg-53,Quickmart
2026-05-07,wheat flour,Fd-Exe Self Raising Flour 1Kg,KES 93.00,No discount,https://www.quickmart.co.ke/fd-exe-self-raising-flour-1kg-55,Quickmart
2026-05-07,wheat flour,Fd-Ajab Fortified Atta Mark1 Flour 2Kg,KES 174.00,No discount,https://www.quickmart.co.ke/fd-ajab-fortified-atta-mark1-flour-2kg-54,Quickmart
2026-05-07,wheat flour,Fd-Exe Self Raising Flour 2Kg,KES 191.00,No discount,https://www.quickmart.co.ke/fd-exe-self-raising-flour-2kg-54,Quickmart
2026-05-07,wheat flour,Fd-Pembe Maize Flour 5Kg,KES 400.00,KES 415.00,https://www.quickmart.co.ke/fd-pembe-maize-flour-5kg-58,Quickmart
2026-05-07,wheat flour,Fd-Exe All Purpose Flour 1Kg,KES 89.00,No discount,https://www.quickmart.co.ke/fd-exe-all-purpose-flour-1kg-57,Quickmart
2026-05-07,wheat flour,Fd-Cap Soko Maize Flour 5Kg,KES 429.00,No discount,https://www.quickmart.co.ke/fd-cap-soko-maize-flour-5kg-56,Quickmart
2026-05-07,wheat flour,Fd-Hostess Maize Flour 2Kg,KES 200.00,No discount,https://www.quickmart.co.ke/fd-hostess-maize-flour-2kg-54,Quickmart
2026-05-07,wheat flour,Fd-Swan Maize Flour 2Kg,KES 145.00,No discount,https://www.quickmart.co.ke/fd-swan-maize-flour-2kg-44,Quickmart
2026-05-07,wheat flour,Fd-Clovers Cornflour 400G,KES 97.00,No discount,https://www.quickmart.co.ke/fd-clovers-cornflour-400g-58,Quickmart
2026-05-07,wheat flour,Fd-Cap Soko Maize Flour 10Kg,KES 847.00,No discount,https://www.quickmart.co.ke/fd-cap-soko-maize-flour-10kg-56,Quickmart
2026-05-07,wheat flour,Fd-Exe Mandazi Flour 2Kg,KES 191.00,No discount,https://www.quickmart.co.ke/fd-exe-mandazi-flour-2kg-56,Quickmart
2026-05-07,wheat flour,Fd-Mama Maize Flour 2Kg,KES 150.00,No discount,https://www.quickmart.co.ke/fd-mama-maize-flour-2kg-57,Quickmart
2026-05-07,wheat flour,Fd- Gram Kamal Flour 2Kg,KES 536.00,No discount,https://www.quickmart.co.ke/fd-gram-kamal-flour-2kg-55,Quickmart
2026-05-07,wheat flour,Fd-Jogoo Maize Flour 10Kg,KES 860.00,No discount,https://www.quickmart.co.ke/fd-jogoo-maize-flour-10kg-55,Quickmart
2026-05-07,wheat flour,Fd-Jogoo Maize Flour 5Kg,KES 436.00,No discount,https://www.quickmart.co.ke/fd-jogoo-maize-flour-5kg-55,Quickmart
2026-05-07,wheat flour,Fd-Exe Chapati Flour 1Kg,KES 89.00,No discount,https://www.quickmart.co.ke/fd-exe-chapati-flour-1kg-53,Quickmart
2026-05-07,wheat flour,Fd-Pendo 2Kg Wheat Flour-Bale,"KES 1,848.00",No discount,https://www.quickmart.co.ke/fd-pendo-2kg-wheat-flour-bale-43,Quickmart
2026-05-07,wheat flour,Fd- Pembe Mandazi Flour 2Kg,KES 160.00,KES 170.00,https://www.quickmart.co.ke/fd-pembe-mandazi-flour-2kg-55,Quickmart
2026-05-07,wheat flour,Fd-Cap Soko Maize Flour 1Kg,KES 87.00,No discount,https://www.quickmart.co.ke/fd-cap-soko-maize-flour-1kg-54,Quickmart
2026-05-07,wheat flour,Fd-Exe Atta Mark 1 Flour 2Kg,KES 180.00,No discount,https://www.quickmart.co.ke/fd-exe-atta-mark-1-flour-2kg-58,Quickmart
2026-05-07,wheat flour,Fd-Pembe Maize Flour 1Kg,KES 90.00,No discount,https://www.quickmart.co.ke/fd-pembe-maize-flour-1kg-35,Quickmart
2026-05-07,wheat flour,Fd-Ajab Fortified Mandazi Flour 2Kg,KES 174.00,No discount,https://www.quickmart.co.ke/fd-ajab-fortified-mandazi-flour-2kg-53,Quickmart
2026-05-07,wheat flour,Fd- Exe Chapati Flour 2Kg,KES 176.00,No discount,https://www.quickmart.co.ke/fd-exe-chapati-flour-2kg-56,Quickmart
2026-05-07,wheat flour,Fd-Jogoo Maize Meal 2Kg,KES 168.00,No discount,https://www.quickmart.co.ke/fd-jogoo-maize-meal-2kg-54,Quickmart
2026-05-07,wheat flour,Fd- Quick Choice Sugar 1Kg,KES 150.00,No discount,https://www.quickmart.co.ke/fd-quick-choice-sugar-1kg-51,Quickmart
2026-05-07,wheat flour,Fd-Kabras Sugar White 2Kg,KES 305.00,No discount,https://www.quickmart.co.ke/fd-kabras-sugar-white-2kg-53,Quickmart
2026-05-07,wheat flour,Fd- Egl Dola Maize Meal 2Kg,KES 149.00,KES 168.00,https://www.quickmart.co.ke/fd-egl-dola-maize-meal-2kg-53,Quickmart
2026-05-07,wheat flour,Fd-Quick Choice Sugar 2Kg,KES 299.00,No discount,https://www.quickmart.co.ke/fd-quick-choice-sugar-2kg-53,Quickmart
2026-05-07,wheat flour,Fd-Mumias Sugar 2 Kg,KES 305.00,No discount,https://www.quickmart.co.ke/fd-mumias-sugar-2-kg-51,Quickmart
2026-05-07,wheat flour,Fd-Kabras Sugar White 1Kg,KES 155.00,No discount,https://www.quickmart.co.ke/fd-kabras-sugar-white-1kg-53,Quickmart
2026-05-07,wheat flour,Fd- Kensalt 1Kg,KES 45.00,No discount,https://www.quickmart.co.ke/fd-kensalt-1kg-49,Quickmart
2026-05-07,wheat flour,Ajab Premium Fortified Sifted Maize Meal 2Kg,KES 177.00,No discount,https://www.quickmart.co.ke/ajab-premium-fortified-sifted-maize-meal-2kg-43,Quickmart
2026-05-07,wheat flour,Nutrameal Sugar 2Kg,KES 305.00,No discount,https://www.quickmart.co.ke/nutrameal-sugar-2kg-40,Quickmart
2026-05-07,wheat flour,Fd-Raha Premium Maize Meal 2 Kg,KES 197.00,No discount,https://www.quickmart.co.ke/fd-raha-premium-maize-meal-2-kg-51,Quickmart
2026-05-07,wheat flour,Nutrameal Sugar 1Kg,KES 155.00,No discount,https://www.quickmart.co.ke/nutrameal-sugar-1kg-40,Quickmart
2026-05-07,wheat flour,Fd-Joymax Maize Meal 5Kg,KES 345.00,No discount,https://www.quickmart.co.ke/fd-joymax-maize-meal-5kg-56,Quickmart
2026-05-07,wheat flour,Fd- Kensalt 2Kg,KES 90.00,No discount,https://www.quickmart.co.ke/fd-kensalt-2kg-50,Quickmart
2026-05-07,wheat flour,Mfalme 2Kg Sifted Maize Meal,KES 163.00,No discount,https://www.quickmart.co.ke/mfalme-2kg-sifted-maize-meal-40,Quickmart
2026-05-07,wheat flour,Fd-Kensalt 500G,KES 27.00,No discount,https://www.quickmart.co.ke/fd-kensalt-500g-50,Quickmart
2026-05-07,wheat flour,Fd-Mumias Sugar 1 Kg,KES 155.00,No discount,https://www.quickmart.co.ke/fd-mumias-sugar-1-kg-52,Quickmart
2026-05-07,wheat flour,Fd-Bml Phulka Atta Mark 1 2Kg,KES 165.00,No discount,https://www.quickmart.co.ke/fd-bml-phulka-atta-mark-1-2kg-57,Quickmart
2026-05-07,wheat flour,Fd-Valley Sugar-Brown 2Kg,KES 309.00,No discount,https://www.quickmart.co.ke/fd-valley-sugar-brown-2kg-36,Quickmart
2026-05-07,wheat flour,Fd-Winnie Ugali Afya 2Kg,KES 301.00,No discount,https://www.quickmart.co.ke/fd-winnie-ugali-afya-2kg-52,Quickmart
2026-05-07,wheat flour,Fd-Famila Pure Wimbi Porridge 1Kg,KES 183.00,No discount,https://www.quickmart.co.ke/fd-famila-pure-wimbi-porridge-1kg-56,Quickmart
2026-05-07,wheat flour,Fd-Famila Uji Mix 500G,KES 82.00,No discount,https://www.quickmart.co.ke/fd-famila-uji-mix-500g-57,Quickmart
2026-05-07,wheat flour,Fd-Winnie Toto Afya 1Kg,KES 329.00,No discount,https://www.quickmart.co.ke/fd-winnie-toto-afya-1kg-51,Quickmart
2026-05-07,wheat flour,Fd-Kaysalt Premium 500G,KES 24.00,No discount,https://www.quickmart.co.ke/fd-kaysalt-premium-500g-52,Quickmart
2026-05-07,wheat flour,Fd-Spenza Premium Maize Meal 2Kg,KES 187.00,No discount,https://www.quickmart.co.ke/fd-spenza-premium-maize-meal-2kg-56,Quickmart
2026-05-07,wheat flour,Fd-Winnie Sour Uji Afya 1Kg,KES 182.00,No discount,https://www.quickmart.co.ke/fd-winnie-sour-uji-afya-1kg-47,Quickmart
2026-05-07,wheat flour,Fd-Valley Sugar-Brown 1Kg,KES 155.00,No discount,https://www.quickmart.co.ke/fd-valley-sugar-brown-1kg-35,Quickmart
2026-05-07,wheat flour,Fd- Cap Soko Uji Sour Wimbi Mix 1Kg,KES 157.00,No discount,https://www.quickmart.co.ke/fd-cap-soko-uji-sour-wimbi-mix-1kg-54,Quickmart
2026-05-07,wheat flour,Fd-Raha Premium Maize Meal 5 Kg,KES 495.00,No discount,https://www.quickmart.co.ke/fd-raha-premium-maize-meal-5-kg-52,Quickmart
2026-05-07,wheat flour,Fd-Pembe Self Raising 2Kg,KES 160.00,KES 170.00,https://www.quickmart.co.ke/fd-pembe-self-raising-2kg-61,Quickmart
2026-05-07,wheat flour,Fd-Famila Nutri Health Uji 1 Kg,KES 172.00,No discount,https://www.quickmart.co.ke/fd-famila-nutri-health-uji-1-kg-54,Quickmart
2026-05-07,wheat flour,Fd-Winnie Pure Wimbi Afya 1Kg,KES 212.00,No discount,https://www.quickmart.co.ke/fd-winnie-pure-wimbi-afya-1kg-51,Quickmart
2026-05-07,wheat flour,Fd-Pembe Atta Mark 1 2Kg,KES 170.00,No discount,https://www.quickmart.co.ke/fd-pembe-atta-mark-1-2kg-58,Quickmart
2026-05-07,wheat flour,Fd-Famila Baby Weaning 1Kg,KES 170.00,No discount,https://www.quickmart.co.ke/fd-famila-baby-weaning-1kg-54,Quickmart
2026-05-07,wheat flour,Fd-Cap Soko Pure Wimbi 500G,KES 86.00,No discount,https://www.quickmart.co.ke/fd-cap-soko-pure-wimbi-500g-56,Quickmart
2026-05-07,wheat flour,Fd-Melvins Herbal Salt 500G,KES 245.00,No discount,https://www.quickmart.co.ke/fd-melvins-herbal-salt-500g-39,Quickmart
2026-05-07,wheat flour,Fd-Kenafric Icing Sugar Box 500G,KES 145.00,No discount,https://www.quickmart.co.ke/fd-kenafric-icing-sugar-box-500g-57,Quickmart
2026-05-07,wheat flour,Fd-Cap Soko Nutrigo 2Kg,KES 271.00,KES 300.00,https://www.quickmart.co.ke/fd-cap-soko-nutrigo-2kg-56,Quickmart
2026-05-07,wheat flour,Fd-Cap Soko Pure Wimbi Uji 1Kg,KES 172.00,No discount,https://www.quickmart.co.ke/fd-cap-soko-pure-wimbi-uji-1kg-54,Quickmart
2026-05-07,wheat flour,Fd- Butterfly Semolina Sooji 1Kg,KES 210.00,No discount,https://www.quickmart.co.ke/fd-butterfly-semolina-sooji-1kg-54,Quickmart
2026-05-07,wheat flour,Fd-Kaysalt Premium 1Kg,KES 46.00,No discount,https://www.quickmart.co.ke/fd-kaysalt-premium-1kg-52,Quickmart
2026-05-07,wheat flour,Fd-Cap Soko Nutrigo 1Kg,KES 155.00,No discount,https://www.quickmart.co.ke/fd-cap-soko-nutrigo-1kg-55,Quickmart
2026-05-07,wheat flour,Fd-Kpl Top Chef Salt 500G,KES 65.00,No discount,https://www.quickmart.co.ke/fd-kpl-top-chef-salt-500g-58,Quickmart
2026-05-07,wheat flour,Fd-Kpl Top Chef Salt 1Kg,KES 126.00,No discount,https://www.quickmart.co.ke/fd-kpl-top-chef-salt-1kg-58,Quickmart
2026-05-07,wheat flour,Fd-Atta Mark 1 Butterfly 1Kg,KES 143.00,No discount,https://www.quickmart.co.ke/fd-atta-mark-1-butterfly-1kg-55,Quickmart
2026-05-07,wheat flour,Fd-Atta Mark 1 Butterfly 2Kg,KES 281.00,No discount,https://www.quickmart.co.ke/fd-atta-mark-1-butterfly-2kg-54,Quickmart
2026-05-07,wheat flour,Fd-Pembe Pure Wimbi Porrdge 1Kg,KES 167.00,No discount,https://www.quickmart.co.ke/fd-pembe-pure-wimbi-porrdge-1kg-55,Quickmart
